teacher_id,teacher_name,email,department,day,period,start_time,end_time,subject_code,section,is_free
T01,Dr. Priya Sharma,priya.t01@example.edu,CSE,Mon,1,09:00,10:00,,,true
T01,Dr. Priya Sharma,priya.t01@example.edu,CSE,Mon,2,10:00,11:00,,,true
T01,Dr. Priya Sharma,priya.t01@example.edu,CSE,Mon,3,11:15,12:15,CS305,B,false
T01,Dr. Priya Sharma,priya.t01@example.edu,CSE,Mon,4,12:15,13:15,CS306,A,false
T01,Dr. Priya Sharma,priya.t01@example.edu,CSE,Mon,5,14:00,15:00,,,true
T01,Dr. Priya Sharma,priya.t01@example.edu,CSE,Mon,6,15:00,16:00,,,true
T01,Dr. Priya Sharma,priya.t01@example.edu,CSE,Tue,1,09:00,10:00,,,true
T01,Dr. Priya Sharma,priya.t01@example.edu,CSE,Tue,2,10:00,11:00,,,true
T01,Dr. Priya Sharma,priya.t01@example.edu,CSE,Tue,3,11:15,12:15,CS306,A,false
T01,Dr. Priya Sharma,priya.t01@example.edu,CSE,Tue,4,12:15,13:15,,,true
T01,Dr. Priya Sharma,priya.t01@example.edu,CSE,Tue,5,14:00,15:00,,,true
T01,Dr. Priya Sharma,priya.t01@example.edu,CSE,Tue,6,15:00,16:00,CS301,A,false
T01,Dr. Priya Sharma,priya.t01@example.edu,CSE,Wed,1,09:00,10:00,,,true
T01,Dr. Priya Sharma,priya.t01@example.edu,CSE,Wed,2,10:00,11:00,,,true
T01,Dr. Priya Sharma,priya.t01@example.edu,CSE,Wed,3,11:15,12:15,,,true
T01,Dr. Priya Sharma,priya.t01@example.edu,CSE,Wed,4,12:15,13:15,CS306,A,false
T01,Dr. Priya Sharma,priya.t01@example.edu,CSE,Wed,5,14:00,15:00,,,true
T01,Dr. Priya Sharma,priya.t01@example.edu,CSE,Wed,6,15:00,16:00,CS305,B,false
T01,Dr. Priya Sharma,priya.t01@example.edu,CSE,Thu,1,09:00,10:00,CS306,A,false
T01,Dr. Priya Sharma,priya.t01@example.edu,CSE,Thu,2,10:00,11:00,CS301,A,false
T01,Dr. Priya Sharma,priya.t01@example.edu,CSE,Thu,3,11:15,12:15,CS301,A,false
T01,Dr. Priya Sharma,priya.t01@example.edu,CSE,Thu,4,12:15,13:15,CS301,A,false
T01,Dr. Priya Sharma,priya.t01@example.edu,CSE,Thu,5,14:00,15:00,CS305,B,false
T01,Dr. Priya Sharma,priya.t01@example.edu,CSE,Thu,6,15:00,16:00,,,true
T01,Dr. Priya Sharma,priya.t01@example.edu,CSE,Fri,1,09:00,10:00,CS305,B,false
T01,Dr. Priya Sharma,priya.t01@example.edu,CSE,Fri,2,10:00,11:00,,,true
T01,Dr. Priya Sharma,priya.t01@example.edu,CSE,Fri,3,11:15,12:15,CS301,A,false
T01,Dr. Priya Sharma,priya.t01@example.edu,CSE,Fri,4,12:15,13:15,,,true
T01,Dr. Priya Sharma,priya.t01@example.edu,CSE,Fri,5,14:00,15:00,,,true
T01,Dr. Priya Sharma,priya.t01@example.edu,CSE,Fri,6,15:00,16:00,,,true
T02,Prof. Arjun Pillai,arjun.t02@example.edu,CSE,Mon,1,09:00,10:00,CS306,B,false
T02,Prof. Arjun Pillai,arjun.t02@example.edu,CSE,Mon,2,10:00,11:00,CS302,A,false
T02,Prof. Arjun Pillai,arjun.t02@example.edu,CSE,Mon,3,11:15,12:15,,,true
T02,Prof. Arjun Pillai,arjun.t02@example.edu,CSE,Mon,4,12:15,13:15,,,true
T02,Prof. Arjun Pillai,arjun.t02@example.edu,CSE,Mon,5,14:00,15:00,,,true
T02,Prof. Arjun Pillai,arjun.t02@example.edu,CSE,Mon,6,15:00,16:00,,,true
T02,Prof. Arjun Pillai,arjun.t02@example.edu,CSE,Tue,1,09:00,10:00,CS301,B,false
T02,Prof. Arjun Pillai,arjun.t02@example.edu,CSE,Tue,2,10:00,11:00,CS301,B,false
T02,Prof. Arjun Pillai,arjun.t02@example.edu,CSE,Tue,3,11:15,12:15,,,true
T02,Prof. Arjun Pillai,arjun.t02@example.edu,CSE,Tue,4,12:15,13:15,CS302,A,false
T02,Prof. Arjun Pillai,arjun.t02@example.edu,CSE,Tue,5,14:00,15:00,,,true
T02,Prof. Arjun Pillai,arjun.t02@example.edu,CSE,Tue,6,15:00,16:00,CS306,B,false
T02,Prof. Arjun Pillai,arjun.t02@example.edu,CSE,Wed,1,09:00,10:00,,,true
T02,Prof. Arjun Pillai,arjun.t02@example.edu,CSE,Wed,2,10:00,11:00,CS302,A,false
T02,Prof. Arjun Pillai,arjun.t02@example.edu,CSE,Wed,3,11:15,12:15,,,true
T02,Prof. Arjun Pillai,arjun.t02@example.edu,CSE,Wed,4,12:15,13:15,,,true
T02,Prof. Arjun Pillai,arjun.t02@example.edu,CSE,Wed,5,14:00,15:00,CS306,B,false
T02,Prof. Arjun Pillai,arjun.t02@example.edu,CSE,Wed,6,15:00,16:00,,,true
T02,Prof. Arjun Pillai,arjun.t02@example.edu,CSE,Thu,1,09:00,10:00,,,true
T02,Prof. Arjun Pillai,arjun.t02@example.edu,CSE,Thu,2,10:00,11:00,CS301,B,false
T02,Prof. Arjun Pillai,arjun.t02@example.edu,CSE,Thu,3,11:15,12:15,CS301,B,false
T02,Prof. Arjun Pillai,arjun.t02@example.edu,CSE,Thu,4,12:15,13:15,CS306,B,false
T02,Prof. Arjun Pillai,arjun.t02@example.edu,CSE,Thu,5,14:00,15:00,,,true
T02,Prof. Arjun Pillai,arjun.t02@example.edu,CSE,Thu,6,15:00,16:00,CS302,A,false
T02,Prof. Arjun Pillai,arjun.t02@example.edu,CSE,Fri,1,09:00,10:00,,,true
T02,Prof. Arjun Pillai,arjun.t02@example.edu,CSE,Fri,2,10:00,11:00,,,true
T02,Prof. Arjun Pillai,arjun.t02@example.edu,CSE,Fri,3,11:15,12:15,,,true
T02,Prof. Arjun Pillai,arjun.t02@example.edu,CSE,Fri,4,12:15,13:15,,,true
T02,Prof. Arjun Pillai,arjun.t02@example.edu,CSE,Fri,5,14:00,15:00,CS301,B,false
T02,Prof. Arjun Pillai,arjun.t02@example.edu,CSE,Fri,6,15:00,16:00,,,true
T03,Dr. Kavitha Menon,kavitha.t03@example.edu,CSE,Mon,1,09:00,10:00,CS303,A,false
T03,Dr. Kavitha Menon,kavitha.t03@example.edu,CSE,Mon,2,10:00,11:00,CS302,B,false
T03,Dr. Kavitha Menon,kavitha.t03@example.edu,CSE,Mon,3,11:15,12:15,,,true
T03,Dr. Kavitha Menon,kavitha.t03@example.edu,CSE,Mon,4,12:15,13:15,,,true
T03,Dr. Kavitha Menon,kavitha.t03@example.edu,CSE,Mon,5,14:00,15:00,,,true
T03,Dr. Kavitha Menon,kavitha.t03@example.edu,CSE,Mon,6,15:00,16:00,,,true
T03,Dr. Kavitha Menon,kavitha.t03@example.edu,CSE,Tue,1,09:00,10:00,,,true
T03,Dr. Kavitha Menon,kavitha.t03@example.edu,CSE,Tue,2,10:00,11:00,,,true
T03,Dr. Kavitha Menon,kavitha.t03@example.edu,CSE,Tue,3,11:15,12:15,,,true
T03,Dr. Kavitha Menon,kavitha.t03@example.edu,CSE,Tue,4,12:15,13:15,CS302,B,false
T03,Dr. Kavitha Menon,kavitha.t03@example.edu,CSE,Tue,5,14:00,15:00,CS303,A,false
T03,Dr. Kavitha Menon,kavitha.t03@example.edu,CSE,Tue,6,15:00,16:00,,,true
T03,Dr. Kavitha Menon,kavitha.t03@example.edu,CSE,Wed,1,09:00,10:00,CS303,A,false
T03,Dr. Kavitha Menon,kavitha.t03@example.edu,CSE,Wed,2,10:00,11:00,,,true
T03,Dr. Kavitha Menon,kavitha.t03@example.edu,CSE,Wed,3,11:15,12:15,,,true
T03,Dr. Kavitha Menon,kavitha.t03@example.edu,CSE,Wed,4,12:15,13:15,CS302,B,false
T03,Dr. Kavitha Menon,kavitha.t03@example.edu,CSE,Wed,5,14:00,15:00,,,true
T03,Dr. Kavitha Menon,kavitha.t03@example.edu,CSE,Wed,6,15:00,16:00,,,true
T03,Dr. Kavitha Menon,kavitha.t03@example.edu,CSE,Thu,1,09:00,10:00,,,true
T03,Dr. Kavitha Menon,kavitha.t03@example.edu,CSE,Thu,2,10:00,11:00,,,true
T03,Dr. Kavitha Menon,kavitha.t03@example.edu,CSE,Thu,3,11:15,12:15,,,true
T03,Dr. Kavitha Menon,kavitha.t03@example.edu,CSE,Thu,4,12:15,13:15,,,true
T03,Dr. Kavitha Menon,kavitha.t03@example.edu,CSE,Thu,5,14:00,15:00,,,true
T03,Dr. Kavitha Menon,kavitha.t03@example.edu,CSE,Thu,6,15:00,16:00,,,true
T03,Dr. Kavitha Menon,kavitha.t03@example.edu,CSE,Fri,1,09:00,10:00,,,true
T03,Dr. Kavitha Menon,kavitha.t03@example.edu,CSE,Fri,2,10:00,11:00,CS303,A,false
T03,Dr. Kavitha Menon,kavitha.t03@example.edu,CSE,Fri,3,11:15,12:15,,,true
T03,Dr. Kavitha Menon,kavitha.t03@example.edu,CSE,Fri,4,12:15,13:15,,,true
T03,Dr. Kavitha Menon,kavitha.t03@example.edu,CSE,Fri,5,14:00,15:00,,,true
T03,Dr. Kavitha Menon,kavitha.t03@example.edu,CSE,Fri,6,15:00,16:00,CS302,B,false
T04,Dr. Rahul Chandran,rahul.t04@example.edu,CSE,Mon,1,09:00,10:00,,,true
T04,Dr. Rahul Chandran,rahul.t04@example.edu,CSE,Mon,2,10:00,11:00,,,true
T04,Dr. Rahul Chandran,rahul.t04@example.edu,CSE,Mon,3,11:15,12:15,,,true
T04,Dr. Rahul Chandran,rahul.t04@example.edu,CSE,Mon,4,12:15,13:15,,,true
T04,Dr. Rahul Chandran,rahul.t04@example.edu,CSE,Mon,5,14:00,15:00,CS303,B,false
T04,Dr. Rahul Chandran,rahul.t04@example.edu,CSE,Mon,6,15:00,16:00,CS304,A,false
T04,Dr. Rahul Chandran,rahul.t04@example.edu,CSE,Tue,1,09:00,10:00,,,true
T04,Dr. Rahul Chandran,rahul.t04@example.edu,CSE,Tue,2,10:00,11:00,CS304,A,false
T04,Dr. Rahul Chandran,rahul.t04@example.edu,CSE,Tue,3,11:15,12:15,CS303,B,false
T04,Dr. Rahul Chandran,rahul.t04@example.edu,CSE,Tue,4,12:15,13:15,,,true
T04,Dr. Rahul Chandran,rahul.t04@example.edu,CSE,Tue,5,14:00,15:00,,,true
T04,Dr. Rahul Chandran,rahul.t04@example.edu,CSE,Tue,6,15:00,16:00,,,true
T04,Dr. Rahul Chandran,rahul.t04@example.edu,CSE,Wed,1,09:00,10:00,,,true
T04,Dr. Rahul Chandran,rahul.t04@example.edu,CSE,Wed,2,10:00,11:00,,,true
T04,Dr. Rahul Chandran,rahul.t04@example.edu,CSE,Wed,3,11:15,12:15,CS304,A,false
T04,Dr. Rahul Chandran,rahul.t04@example.edu,CSE,Wed,4,12:15,13:15,,,true
T04,Dr. Rahul Chandran,rahul.t04@example.edu,CSE,Wed,5,14:00,15:00,,,true
T04,Dr. Rahul Chandran,rahul.t04@example.edu,CSE,Wed,6,15:00,16:00,,,true
T04,Dr. Rahul Chandran,rahul.t04@example.edu,CSE,Thu,1,09:00,10:00,CS303,B,false
T04,Dr. Rahul Chandran,rahul.t04@example.edu,CSE,Thu,2,10:00,11:00,,,true
T04,Dr. Rahul Chandran,rahul.t04@example.edu,CSE,Thu,3,11:15,12:15,,,true
T04,Dr. Rahul Chandran,rahul.t04@example.edu,CSE,Thu,4,12:15,13:15,,,true
T04,Dr. Rahul Chandran,rahul.t04@example.edu,CSE,Thu,5,14:00,15:00,,,true
T04,Dr. Rahul Chandran,rahul.t04@example.edu,CSE,Thu,6,15:00,16:00,,,true
T04,Dr. Rahul Chandran,rahul.t04@example.edu,CSE,Fri,1,09:00,10:00,CS304,A,false
T04,Dr. Rahul Chandran,rahul.t04@example.edu,CSE,Fri,2,10:00,11:00,CS303,B,false
T04,Dr. Rahul Chandran,rahul.t04@example.edu,CSE,Fri,3,11:15,12:15,,,true
T04,Dr. Rahul Chandran,rahul.t04@example.edu,CSE,Fri,4,12:15,13:15,,,true
T04,Dr. Rahul Chandran,rahul.t04@example.edu,CSE,Fri,5,14:00,15:00,,,true
T04,Dr. Rahul Chandran,rahul.t04@example.edu,CSE,Fri,6,15:00,16:00,,,true
T05,Dr. Suresh Balaji,suresh.t05@example.edu,CSE,Mon,1,09:00,10:00,,,true
T05,Dr. Suresh Balaji,suresh.t05@example.edu,CSE,Mon,2,10:00,11:00,,,true
T05,Dr. Suresh Balaji,suresh.t05@example.edu,CSE,Mon,3,11:15,12:15,,,true
T05,Dr. Suresh Balaji,suresh.t05@example.edu,CSE,Mon,4,12:15,13:15,CS304,B,false
T05,Dr. Suresh Balaji,suresh.t05@example.edu,CSE,Mon,5,14:00,15:00,,,true
T05,Dr. Suresh Balaji,suresh.t05@example.edu,CSE,Mon,6,15:00,16:00,,,true
T05,Dr. Suresh Balaji,suresh.t05@example.edu,CSE,Tue,1,09:00,10:00,CS305,A,false
T05,Dr. Suresh Balaji,suresh.t05@example.edu,CSE,Tue,2,10:00,11:00,,,true
T05,Dr. Suresh Balaji,suresh.t05@example.edu,CSE,Tue,3,11:15,12:15,,,true
T05,Dr. Suresh Balaji,suresh.t05@example.edu,CSE,Tue,4,12:15,13:15,,,true
T05,Dr. Suresh Balaji,suresh.t05@example.edu,CSE,Tue,5,14:00,15:00,CS304,B,false
T05,Dr. Suresh Balaji,suresh.t05@example.edu,CSE,Tue,6,15:00,16:00,,,true
T05,Dr. Suresh Balaji,suresh.t05@example.edu,CSE,Wed,1,09:00,10:00,,,true
T05,Dr. Suresh Balaji,suresh.t05@example.edu,CSE,Wed,2,10:00,11:00,,,true
T05,Dr. Suresh Balaji,suresh.t05@example.edu,CSE,Wed,3,11:15,12:15,CS304,B,false
T05,Dr. Suresh Balaji,suresh.t05@example.edu,CSE,Wed,4,12:15,13:15,,,true
T05,Dr. Suresh Balaji,suresh.t05@example.edu,CSE,Wed,5,14:00,15:00,,,true
T05,Dr. Suresh Balaji,suresh.t05@example.edu,CSE,Wed,6,15:00,16:00,CS305,A,false
T05,Dr. Suresh Balaji,suresh.t05@example.edu,CSE,Thu,1,09:00,10:00,,,true
T05,Dr. Suresh Balaji,suresh.t05@example.edu,CSE,Thu,2,10:00,11:00,,,true
T05,Dr. Suresh Balaji,suresh.t05@example.edu,CSE,Thu,3,11:15,12:15,,,true
T05,Dr. Suresh Balaji,suresh.t05@example.edu,CSE,Thu,4,12:15,13:15,,,true
T05,Dr. Suresh Balaji,suresh.t05@example.edu,CSE,Thu,5,14:00,15:00,CS305,A,false
T05,Dr. Suresh Balaji,suresh.t05@example.edu,CSE,Thu,6,15:00,16:00,,,true
T05,Dr. Suresh Balaji,suresh.t05@example.edu,CSE,Fri,1,09:00,10:00,,,true
T05,Dr. Suresh Balaji,suresh.t05@example.edu,CSE,Fri,2,10:00,11:00,,,true
T05,Dr. Suresh Balaji,suresh.t05@example.edu,CSE,Fri,3,11:15,12:15,,,true
T05,Dr. Suresh Balaji,suresh.t05@example.edu,CSE,Fri,4,12:15,13:15,CS304,B,false
T05,Dr. Suresh Balaji,suresh.t05@example.edu,CSE,Fri,5,14:00,15:00,CS305,A,false
T05,Dr. Suresh Balaji,suresh.t05@example.edu,CSE,Fri,6,15:00,16:00,,,true
T06,Prof. Anitha Iyer,anitha.t06@example.edu,ECE,Mon,1,09:00,10:00,EC306,A,false
T06,Prof. Anitha Iyer,anitha.t06@example.edu,ECE,Mon,2,10:00,11:00,,,true
T06,Prof. Anitha Iyer,anitha.t06@example.edu,ECE,Mon,3,11:15,12:15,,,true
T06,Prof. Anitha Iyer,anitha.t06@example.edu,ECE,Mon,4,12:15,13:15,,,true
T06,Prof. Anitha Iyer,anitha.t06@example.edu,ECE,Mon,5,14:00,15:00,,,true
T06,Prof. Anitha Iyer,anitha.t06@example.edu,ECE,Mon,6,15:00,16:00,,,true
T06,Prof. Anitha Iyer,anitha.t06@example.edu,ECE,Tue,1,09:00,10:00,,,true
T06,Prof. Anitha Iyer,anitha.t06@example.edu,ECE,Tue,2,10:00,11:00,,,true
T06,Prof. Anitha Iyer,anitha.t06@example.edu,ECE,Tue,3,11:15,12:15,EC301,A,false
T06,Prof. Anitha Iyer,anitha.t06@example.edu,ECE,Tue,4,12:15,13:15,EC301,A,false
T06,Prof. Anitha Iyer,anitha.t06@example.edu,ECE,Tue,5,14:00,15:00,EC305,B,false
T06,Prof. Anitha Iyer,anitha.t06@example.edu,ECE,Tue,6,15:00,16:00,,,true
T06,Prof. Anitha Iyer,anitha.t06@example.edu,ECE,Wed,1,09:00,10:00,,,true
T06,Prof. Anitha Iyer,anitha.t06@example.edu,ECE,Wed,2,10:00,11:00,EC306,A,false
T06,Prof. Anitha Iyer,anitha.t06@example.edu,ECE,Wed,3,11:15,12:15,,,true
T06,Prof. Anitha Iyer,anitha.t06@example.edu,ECE,Wed,4,12:15,13:15,,,true
T06,Prof. Anitha Iyer,anitha.t06@example.edu,ECE,Wed,5,14:00,15:00,,,true
T06,Prof. Anitha Iyer,anitha.t06@example.edu,ECE,Wed,6,15:00,16:00,EC305,B,false
T06,Prof. Anitha Iyer,anitha.t06@example.edu,ECE,Thu,1,09:00,10:00,,,true
T06,Prof. Anitha Iyer,anitha.t06@example.edu,ECE,Thu,2,10:00,11:00,EC306,A,false
T06,Prof. Anitha Iyer,anitha.t06@example.edu,ECE,Thu,3,11:15,12:15,EC301,A,false
T06,Prof. Anitha Iyer,anitha.t06@example.edu,ECE,Thu,4,12:15,13:15,EC301,A,false
T06,Prof. Anitha Iyer,anitha.t06@example.edu,ECE,Thu,5,14:00,15:00,,,true
T06,Prof. Anitha Iyer,anitha.t06@example.edu,ECE,Thu,6,15:00,16:00,EC305,B,false
T06,Prof. Anitha Iyer,anitha.t06@example.edu,ECE,Fri,1,09:00,10:00,,,true
T06,Prof. Anitha Iyer,anitha.t06@example.edu,ECE,Fri,2,10:00,11:00,EC306,A,false
T06,Prof. Anitha Iyer,anitha.t06@example.edu,ECE,Fri,3,11:15,12:15,EC301,A,false
T06,Prof. Anitha Iyer,anitha.t06@example.edu,ECE,Fri,4,12:15,13:15,EC305,B,false
T06,Prof. Anitha Iyer,anitha.t06@example.edu,ECE,Fri,5,14:00,15:00,,,true
T06,Prof. Anitha Iyer,anitha.t06@example.edu,ECE,Fri,6,15:00,16:00,,,true
T07,Dr. Vikram Reddy,vikram.t07@example.edu,ECE,Mon,1,09:00,10:00,,,true
T07,Dr. Vikram Reddy,vikram.t07@example.edu,ECE,Mon,2,10:00,11:00,,,true
T07,Dr. Vikram Reddy,vikram.t07@example.edu,ECE,Mon,3,11:15,12:15,EC306,B,false
T07,Dr. Vikram Reddy,vikram.t07@example.edu,ECE,Mon,4,12:15,13:15,EC302,A,false
T07,Dr. Vikram Reddy,vikram.t07@example.edu,ECE,Mon,5,14:00,15:00,,,true
T07,Dr. Vikram Reddy,vikram.t07@example.edu,ECE,Mon,6,15:00,16:00,,,true
T07,Dr. Vikram Reddy,vikram.t07@example.edu,ECE,Tue,1,09:00,10:00,EC306,B,false
T07,Dr. Vikram Reddy,vikram.t07@example.edu,ECE,Tue,2,10:00,11:00,,,true
T07,Dr. Vikram Reddy,vikram.t07@example.edu,ECE,Tue,3,11:15,12:15,EC301,B,false
T07,Dr. Vikram Reddy,vikram.t07@example.edu,ECE,Tue,4,12:15,13:15,EC301,B,false
T07,Dr. Vikram Reddy,vikram.t07@example.edu,ECE,Tue,5,14:00,15:00,,,true
T07,Dr. Vikram Reddy,vikram.t07@example.edu,ECE,Tue,6,15:00,16:00,EC302,A,false
T07,Dr. Vikram Reddy,vikram.t07@example.edu,ECE,Wed,1,09:00,10:00,,,true
T07,Dr. Vikram Reddy,vikram.t07@example.edu,ECE,Wed,2,10:00,11:00,,,true
T07,Dr. Vikram Reddy,vikram.t07@example.edu,ECE,Wed,3,11:15,12:15,,,true
T07,Dr. Vikram Reddy,vikram.t07@example.edu,ECE,Wed,4,12:15,13:15,,,true
T07,Dr. Vikram Reddy,vikram.t07@example.edu,ECE,Wed,5,14:00,15:00,,,true
T07,Dr. Vikram Reddy,vikram.t07@example.edu,ECE,Wed,6,15:00,16:00,,,true
T07,Dr. Vikram Reddy,vikram.t07@example.edu,ECE,Thu,1,09:00,10:00,EC302,A,false
T07,Dr. Vikram Reddy,vikram.t07@example.edu,ECE,Thu,2,10:00,11:00,EC301,B,false
T07,Dr. Vikram Reddy,vikram.t07@example.edu,ECE,Thu,3,11:15,12:15,EC301,B,false
T07,Dr. Vikram Reddy,vikram.t07@example.edu,ECE,Thu,4,12:15,13:15,,,true
T07,Dr. Vikram Reddy,vikram.t07@example.edu,ECE,Thu,5,14:00,15:00,EC306,B,false
T07,Dr. Vikram Reddy,vikram.t07@example.edu,ECE,Thu,6,15:00,16:00,,,true
T07,Dr. Vikram Reddy,vikram.t07@example.edu,ECE,Fri,1,09:00,10:00,,,true
T07,Dr. Vikram Reddy,vikram.t07@example.edu,ECE,Fri,2,10:00,11:00,EC301,B,false
T07,Dr. Vikram Reddy,vikram.t07@example.edu,ECE,Fri,3,11:15,12:15,EC306,B,false
T07,Dr. Vikram Reddy,vikram.t07@example.edu,ECE,Fri,4,12:15,13:15,EC302,A,false
T07,Dr. Vikram Reddy,vikram.t07@example.edu,ECE,Fri,5,14:00,15:00,,,true
T07,Dr. Vikram Reddy,vikram.t07@example.edu,ECE,Fri,6,15:00,16:00,,,true
T08,Dr. Divya Pillai,divya.t08@example.edu,ECE,Mon,1,09:00,10:00,,,true
T08,Dr. Divya Pillai,divya.t08@example.edu,ECE,Mon,2,10:00,11:00,,,true
T08,Dr. Divya Pillai,divya.t08@example.edu,ECE,Mon,3,11:15,12:15,,,true
T08,Dr. Divya Pillai,divya.t08@example.edu,ECE,Mon,4,12:15,13:15,EC302,B,false
T08,Dr. Divya Pillai,divya.t08@example.edu,ECE,Mon,5,14:00,15:00,EC303,A,false
T08,Dr. Divya Pillai,divya.t08@example.edu,ECE,Mon,6,15:00,16:00,,,true
T08,Dr. Divya Pillai,divya.t08@example.edu,ECE,Tue,1,09:00,10:00,,,true
T08,Dr. Divya Pillai,divya.t08@example.edu,ECE,Tue,2,10:00,11:00,EC302,B,false
T08,Dr. Divya Pillai,divya.t08@example.edu,ECE,Tue,3,11:15,12:15,,,true
T08,Dr. Divya Pillai,divya.t08@example.edu,ECE,Tue,4,12:15,13:15,,,true
T08,Dr. Divya Pillai,divya.t08@example.edu,ECE,Tue,5,14:00,15:00,,,true
T08,Dr. Divya Pillai,divya.t08@example.edu,ECE,Tue,6,15:00,16:00,,,true
T08,Dr. Divya Pillai,divya.t08@example.edu,ECE,Wed,1,09:00,10:00,,,true
T08,Dr. Divya Pillai,divya.t08@example.edu,ECE,Wed,2,10:00,11:00,EC302,B,false
T08,Dr. Divya Pillai,divya.t08@example.edu,ECE,Wed,3,11:15,12:15,EC303,A,false
T08,Dr. Divya Pillai,divya.t08@example.edu,ECE,Wed,4,12:15,13:15,,,true
T08,Dr. Divya Pillai,divya.t08@example.edu,ECE,Wed,5,14:00,15:00,,,true
T08,Dr. Divya Pillai,divya.t08@example.edu,ECE,Wed,6,15:00,16:00,,,true
T08,Dr. Divya Pillai,divya.t08@example.edu,ECE,Thu,1,09:00,10:00,,,true
T08,Dr. Divya Pillai,divya.t08@example.edu,ECE,Thu,2,10:00,11:00,,,true
T08,Dr. Divya Pillai,divya.t08@example.edu,ECE,Thu,3,11:15,12:15,,,true
T08,Dr. Divya Pillai,divya.t08@example.edu,ECE,Thu,4,12:15,13:15,,,true
T08,Dr. Divya Pillai,divya.t08@example.edu,ECE,Thu,5,14:00,15:00,EC303,A,false
T08,Dr. Divya Pillai,divya.t08@example.edu,ECE,Thu,6,15:00,16:00,,,true
T08,Dr. Divya Pillai,divya.t08@example.edu,ECE,Fri,1,09:00,10:00,EC303,A,false
T08,Dr. Divya Pillai,divya.t08@example.edu,ECE,Fri,2,10:00,11:00,,,true
T08,Dr. Divya Pillai,divya.t08@example.edu,ECE,Fri,3,11:15,12:15,,,true
T08,Dr. Divya Pillai,divya.t08@example.edu,ECE,Fri,4,12:15,13:15,,,true
T08,Dr. Divya Pillai,divya.t08@example.edu,ECE,Fri,5,14:00,15:00,EC302,B,false
T08,Dr. Divya Pillai,divya.t08@example.edu,ECE,Fri,6,15:00,16:00,,,true
T09,Dr. Ganesh Chandran,ganesh.t09@example.edu,ECE,Mon,1,09:00,10:00,,,true
T09,Dr. Ganesh Chandran,ganesh.t09@example.edu,ECE,Mon,2,10:00,11:00,EC303,B,false
T09,Dr. Ganesh Chandran,ganesh.t09@example.edu,ECE,Mon,3,11:15,12:15,,,true
T09,Dr. Ganesh Chandran,ganesh.t09@example.edu,ECE,Mon,4,12:15,13:15,,,true
T09,Dr. Ganesh Chandran,ganesh.t09@example.edu,ECE,Mon,5,14:00,15:00,,,true
T09,Dr. Ganesh Chandran,ganesh.t09@example.edu,ECE,Mon,6,15:00,16:00,EC304,A,false
T09,Dr. Ganesh Chandran,ganesh.t09@example.edu,ECE,Tue,1,09:00,10:00,,,true
T09,Dr. Ganesh Chandran,ganesh.t09@example.edu,ECE,Tue,2,10:00,11:00,EC304,A,false
T09,Dr. Ganesh Chandran,ganesh.t09@example.edu,ECE,Tue,3,11:15,12:15,,,true
T09,Dr. Ganesh Chandran,ganesh.t09@example.edu,ECE,Tue,4,12:15,13:15,,,true
T09,Dr. Ganesh Chandran,ganesh.t09@example.edu,ECE,Tue,5,14:00,15:00,,,true
T09,Dr. Ganesh Chandran,ganesh.t09@example.edu,ECE,Tue,6,15:00,16:00,EC303,B,false
T09,Dr. Ganesh Chandran,ganesh.t09@example.edu,ECE,Wed,1,09:00,10:00,,,true
T09,Dr. Ganesh Chandran,ganesh.t09@example.edu,ECE,Wed,2,10:00,11:00,,,true
T09,Dr. Ganesh Chandran,ganesh.t09@example.edu,ECE,Wed,3,11:15,12:15,,,true
T09,Dr. Ganesh Chandran,ganesh.t09@example.edu,ECE,Wed,4,12:15,13:15,,,true
T09,Dr. Ganesh Chandran,ganesh.t09@example.edu,ECE,Wed,5,14:00,15:00,,,true
T09,Dr. Ganesh Chandran,ganesh.t09@example.edu,ECE,Wed,6,15:00,16:00,,,true
T09,Dr. Ganesh Chandran,ganesh.t09@example.edu,ECE,Thu,1,09:00,10:00,,,true
T09,Dr. Ganesh Chandran,ganesh.t09@example.edu,ECE,Thu,2,10:00,11:00,,,true
T09,Dr. Ganesh Chandran,ganesh.t09@example.edu,ECE,Thu,3,11:15,12:15,,,true
T09,Dr. Ganesh Chandran,ganesh.t09@example.edu,ECE,Thu,4,12:15,13:15,EC303,B,false
T09,Dr. Ganesh Chandran,ganesh.t09@example.edu,ECE,Thu,5,14:00,15:00,,,true
T09,Dr. Ganesh Chandran,ganesh.t09@example.edu,ECE,Thu,6,15:00,16:00,EC304,A,false
T09,Dr. Ganesh Chandran,ganesh.t09@example.edu,ECE,Fri,1,09:00,10:00,EC303,B,false
T09,Dr. Ganesh Chandran,ganesh.t09@example.edu,ECE,Fri,2,10:00,11:00,,,true
T09,Dr. Ganesh Chandran,ganesh.t09@example.edu,ECE,Fri,3,11:15,12:15,,,true
T09,Dr. Ganesh Chandran,ganesh.t09@example.edu,ECE,Fri,4,12:15,13:15,,,true
T09,Dr. Ganesh Chandran,ganesh.t09@example.edu,ECE,Fri,5,14:00,15:00,,,true
T09,Dr. Ganesh Chandran,ganesh.t09@example.edu,ECE,Fri,6,15:00,16:00,EC304,A,false
T10,Dr. Lakshmi Chandran,lakshmi.t10@example.edu,ECE,Mon,1,09:00,10:00,,,true
T10,Dr. Lakshmi Chandran,lakshmi.t10@example.edu,ECE,Mon,2,10:00,11:00,,,true
T10,Dr. Lakshmi Chandran,lakshmi.t10@example.edu,ECE,Mon,3,11:15,12:15,EC305,A,false
T10,Dr. Lakshmi Chandran,lakshmi.t10@example.edu,ECE,Mon,4,12:15,13:15,,,true
T10,Dr. Lakshmi Chandran,lakshmi.t10@example.edu,ECE,Mon,5,14:00,15:00,EC304,B,false
T10,Dr. Lakshmi Chandran,lakshmi.t10@example.edu,ECE,Mon,6,15:00,16:00,,,true
T10,Dr. Lakshmi Chandran,lakshmi.t10@example.edu,ECE,Tue,1,09:00,10:00,,,true
T10,Dr. Lakshmi Chandran,lakshmi.t10@example.edu,ECE,Tue,2,10:00,11:00,,,true
T10,Dr. Lakshmi Chandran,lakshmi.t10@example.edu,ECE,Tue,3,11:15,12:15,,,true
T10,Dr. Lakshmi Chandran,lakshmi.t10@example.edu,ECE,Tue,4,12:15,13:15,,,true
T10,Dr. Lakshmi Chandran,lakshmi.t10@example.edu,ECE,Tue,5,14:00,15:00,EC305,A,false
T10,Dr. Lakshmi Chandran,lakshmi.t10@example.edu,ECE,Tue,6,15:00,16:00,,,true
T10,Dr. Lakshmi Chandran,lakshmi.t10@example.edu,ECE,Wed,1,09:00,10:00,,,true
T10,Dr. Lakshmi Chandran,lakshmi.t10@example.edu,ECE,Wed,2,10:00,11:00,,,true
T10,Dr. Lakshmi Chandran,lakshmi.t10@example.edu,ECE,Wed,3,11:15,12:15,,,true
T10,Dr. Lakshmi Chandran,lakshmi.t10@example.edu,ECE,Wed,4,12:15,13:15,EC304,B,false
T10,Dr. Lakshmi Chandran,lakshmi.t10@example.edu,ECE,Wed,5,14:00,15:00,EC305,A,false
T10,Dr. Lakshmi Chandran,lakshmi.t10@example.edu,ECE,Wed,6,15:00,16:00,,,true
T10,Dr. Lakshmi Chandran,lakshmi.t10@example.edu,ECE,Thu,1,09:00,10:00,EC304,B,false
T10,Dr. Lakshmi Chandran,lakshmi.t10@example.edu,ECE,Thu,2,10:00,11:00,,,true
T10,Dr. Lakshmi Chandran,lakshmi.t10@example.edu,ECE,Thu,3,11:15,12:15,,,true
T10,Dr. Lakshmi Chandran,lakshmi.t10@example.edu,ECE,Thu,4,12:15,13:15,,,true
T10,Dr. Lakshmi Chandran,lakshmi.t10@example.edu,ECE,Thu,5,14:00,15:00,,,true
T10,Dr. Lakshmi Chandran,lakshmi.t10@example.edu,ECE,Thu,6,15:00,16:00,,,true
T10,Dr. Lakshmi Chandran,lakshmi.t10@example.edu,ECE,Fri,1,09:00,10:00,,,true
T10,Dr. Lakshmi Chandran,lakshmi.t10@example.edu,ECE,Fri,2,10:00,11:00,,,true
T10,Dr. Lakshmi Chandran,lakshmi.t10@example.edu,ECE,Fri,3,11:15,12:15,,,true
T10,Dr. Lakshmi Chandran,lakshmi.t10@example.edu,ECE,Fri,4,12:15,13:15,,,true
T10,Dr. Lakshmi Chandran,lakshmi.t10@example.edu,ECE,Fri,5,14:00,15:00,EC305,A,false
T10,Dr. Lakshmi Chandran,lakshmi.t10@example.edu,ECE,Fri,6,15:00,16:00,EC304,B,false
T11,Prof. Karthik Pillai,karthik.t11@example.edu,ME,Mon,1,09:00,10:00,ME305,B,false
T11,Prof. Karthik Pillai,karthik.t11@example.edu,ME,Mon,2,10:00,11:00,,,true
T11,Prof. Karthik Pillai,karthik.t11@example.edu,ME,Mon,3,11:15,12:15,,,true
T11,Prof. Karthik Pillai,karthik.t11@example.edu,ME,Mon,4,12:15,13:15,ME306,A,false
T11,Prof. Karthik Pillai,karthik.t11@example.edu,ME,Mon,5,14:00,15:00,,,true
T11,Prof. Karthik Pillai,karthik.t11@example.edu,ME,Mon,6,15:00,16:00,,,true
T11,Prof. Karthik Pillai,karthik.t11@example.edu,ME,Tue,1,09:00,10:00,ME306,A,false
T11,Prof. Karthik Pillai,karthik.t11@example.edu,ME,Tue,2,10:00,11:00,,,true
T11,Prof. Karthik Pillai,karthik.t11@example.edu,ME,Tue,3,11:15,12:15,,,true
T11,Prof. Karthik Pillai,karthik.t11@example.edu,ME,Tue,4,12:15,13:15,,,true
T11,Prof. Karthik Pillai,karthik.t11@example.edu,ME,Tue,5,14:00,15:00,ME301,A,false
T11,Prof. Karthik Pillai,karthik.t11@example.edu,ME,Tue,6,15:00,16:00,ME301,A,false
T11,Prof. Karthik Pillai,karthik.t11@example.edu,ME,Wed,1,09:00,10:00,,,true
T11,Prof. Karthik Pillai,karthik.t11@example.edu,ME,Wed,2,10:00,11:00,ME305,B,false
T11,Prof. Karthik Pillai,karthik.t11@example.edu,ME,Wed,3,11:15,12:15,,,true
T11,Prof. Karthik Pillai,karthik.t11@example.edu,ME,Wed,4,12:15,13:15,,,true
T11,Prof. Karthik Pillai,karthik.t11@example.edu,ME,Wed,5,14:00,15:00,,,true
T11,Prof. Karthik Pillai,karthik.t11@example.edu,ME,Wed,6,15:00,16:00,ME306,A,false
T11,Prof. Karthik Pillai,karthik.t11@example.edu,ME,Thu,1,09:00,10:00,ME305,B,false
T11,Prof. Karthik Pillai,karthik.t11@example.edu,ME,Thu,2,10:00,11:00,,,true
T11,Prof. Karthik Pillai,karthik.t11@example.edu,ME,Thu,3,11:15,12:15,ME301,A,false
T11,Prof. Karthik Pillai,karthik.t11@example.edu,ME,Thu,4,12:15,13:15,,,true
T11,Prof. Karthik Pillai,karthik.t11@example.edu,ME,Thu,5,14:00,15:00,,,true
T11,Prof. Karthik Pillai,karthik.t11@example.edu,ME,Thu,6,15:00,16:00,ME306,A,false
T11,Prof. Karthik Pillai,karthik.t11@example.edu,ME,Fri,1,09:00,10:00,,,true
T11,Prof. Karthik Pillai,karthik.t11@example.edu,ME,Fri,2,10:00,11:00,,,true
T11,Prof. Karthik Pillai,karthik.t11@example.edu,ME,Fri,3,11:15,12:15,ME301,A,false
T11,Prof. Karthik Pillai,karthik.t11@example.edu,ME,Fri,4,12:15,13:15,ME301,A,false
T11,Prof. Karthik Pillai,karthik.t11@example.edu,ME,Fri,5,14:00,15:00,,,true
T11,Prof. Karthik Pillai,karthik.t11@example.edu,ME,Fri,6,15:00,16:00,ME305,B,false
T12,Prof. Sneha Balaji,sneha.t12@example.edu,ME,Mon,1,09:00,10:00,,,true
T12,Prof. Sneha Balaji,sneha.t12@example.edu,ME,Mon,2,10:00,11:00,,,true
T12,Prof. Sneha Balaji,sneha.t12@example.edu,ME,Mon,3,11:15,12:15,,,true
T12,Prof. Sneha Balaji,sneha.t12@example.edu,ME,Mon,4,12:15,13:15,,,true
T12,Prof. Sneha Balaji,sneha.t12@example.edu,ME,Mon,5,14:00,15:00,ME306,B,false
T12,Prof. Sneha Balaji,sneha.t12@example.edu,ME,Mon,6,15:00,16:00,,,true
T12,Prof. Sneha Balaji,sneha.t12@example.edu,ME,Tue,1,09:00,10:00,ME301,B,false
T12,Prof. Sneha Balaji,sneha.t12@example.edu,ME,Tue,2,10:00,11:00,ME301,B,false
T12,Prof. Sneha Balaji,sneha.t12@example.edu,ME,Tue,3,11:15,12:15,,,true
T12,Prof. Sneha Balaji,sneha.t12@example.edu,ME,Tue,4,12:15,13:15,ME302,A,false
T12,Prof. Sneha Balaji,sneha.t12@example.edu,ME,Tue,5,14:00,15:00,,,true
T12,Prof. Sneha Balaji,sneha.t12@example.edu,ME,Tue,6,15:00,16:00,,,true
T12,Prof. Sneha Balaji,sneha.t12@example.edu,ME,Wed,1,09:00,10:00,,,true
T12,Prof. Sneha Balaji,sneha.t12@example.edu,ME,Wed,2,10:00,11:00,,,true
T12,Prof. Sneha Balaji,sneha.t12@example.edu,ME,Wed,3,11:15,12:15,,,true
T12,Prof. Sneha Balaji,sneha.t12@example.edu,ME,Wed,4,12:15,13:15,ME302,A,false
T12,Prof. Sneha Balaji,sneha.t12@example.edu,ME,Wed,5,14:00,15:00,ME306,B,false
T12,Prof. Sneha Balaji,sneha.t12@example.edu,ME,Wed,6,15:00,16:00,,,true
T12,Prof. Sneha Balaji,sneha.t12@example.edu,ME,Thu,1,09:00,10:00,,,true
T12,Prof. Sneha Balaji,sneha.t12@example.edu,ME,Thu,2,10:00,11:00,,,true
T12,Prof. Sneha Balaji,sneha.t12@example.edu,ME,Thu,3,11:15,12:15,ME306,B,false
T12,Prof. Sneha Balaji,sneha.t12@example.edu,ME,Thu,4,12:15,13:15,ME301,B,false
T12,Prof. Sneha Balaji,sneha.t12@example.edu,ME,Thu,5,14:00,15:00,ME302,A,false
T12,Prof. Sneha Balaji,sneha.t12@example.edu,ME,Thu,6,15:00,16:00,,,true
T12,Prof. Sneha Balaji,sneha.t12@example.edu,ME,Fri,1,09:00,10:00,ME306,B,false
T12,Prof. Sneha Balaji,sneha.t12@example.edu,ME,Fri,2,10:00,11:00,ME301,B,false
T12,Prof. Sneha Balaji,sneha.t12@example.edu,ME,Fri,3,11:15,12:15,,,true
T12,Prof. Sneha Balaji,sneha.t12@example.edu,ME,Fri,4,12:15,13:15,ME301,B,false
T12,Prof. Sneha Balaji,sneha.t12@example.edu,ME,Fri,5,14:00,15:00,,,true
T12,Prof. Sneha Balaji,sneha.t12@example.edu,ME,Fri,6,15:00,16:00,ME302,A,false
T13,Prof. Ramesh Sharma,ramesh.t13@example.edu,ME,Mon,1,09:00,10:00,,,true
T13,Prof. Ramesh Sharma,ramesh.t13@example.edu,ME,Mon,2,10:00,11:00,ME302,B,false
T13,Prof. Ramesh Sharma,ramesh.t13@example.edu,ME,Mon,3,11:15,12:15,ME303,A,false
T13,Prof. Ramesh Sharma,ramesh.t13@example.edu,ME,Mon,4,12:15,13:15,,,true
T13,Prof. Ramesh Sharma,ramesh.t13@example.edu,ME,Mon,5,14:00,15:00,,,true
T13,Prof. Ramesh Sharma,ramesh.t13@example.edu,ME,Mon,6,15:00,16:00,,,true
T13,Prof. Ramesh Sharma,ramesh.t13@example.edu,ME,Tue,1,09:00,10:00,,,true
T13,Prof. Ramesh Sharma,ramesh.t13@example.edu,ME,Tue,2,10:00,11:00,ME303,A,false
T13,Prof. Ramesh Sharma,ramesh.t13@example.edu,ME,Tue,3,11:15,12:15,ME302,B,false
T13,Prof. Ramesh Sharma,ramesh.t13@example.edu,ME,Tue,4,12:15,13:15,,,true
T13,Prof. Ramesh Sharma,ramesh.t13@example.edu,ME,Tue,5,14:00,15:00,,,true
T13,Prof. Ramesh Sharma,ramesh.t13@example.edu,ME,Tue,6,15:00,16:00,,,true
T13,Prof. Ramesh Sharma,ramesh.t13@example.edu,ME,Wed,1,09:00,10:00,,,true
T13,Prof. Ramesh Sharma,ramesh.t13@example.edu,ME,Wed,2,10:00,11:00,,,true
T13,Prof. Ramesh Sharma,ramesh.t13@example.edu,ME,Wed,3,11:15,12:15,ME303,A,false
T13,Prof. Ramesh Sharma,ramesh.t13@example.edu,ME,Wed,4,12:15,13:15,ME302,B,false
T13,Prof. Ramesh Sharma,ramesh.t13@example.edu,ME,Wed,5,14:00,15:00,,,true
T13,Prof. Ramesh Sharma,ramesh.t13@example.edu,ME,Wed,6,15:00,16:00,,,true
T13,Prof. Ramesh Sharma,ramesh.t13@example.edu,ME,Thu,1,09:00,10:00,,,true
T13,Prof. Ramesh Sharma,ramesh.t13@example.edu,ME,Thu,2,10:00,11:00,ME302,B,false
T13,Prof. Ramesh Sharma,ramesh.t13@example.edu,ME,Thu,3,11:15,12:15,,,true
T13,Prof. Ramesh Sharma,ramesh.t13@example.edu,ME,Thu,4,12:15,13:15,,,true
T13,Prof. Ramesh Sharma,ramesh.t13@example.edu,ME,Thu,5,14:00,15:00,,,true
T13,Prof. Ramesh Sharma,ramesh.t13@example.edu,ME,Thu,6,15:00,16:00,,,true
T13,Prof. Ramesh Sharma,ramesh.t13@example.edu,ME,Fri,1,09:00,10:00,,,true
T13,Prof. Ramesh Sharma,ramesh.t13@example.edu,ME,Fri,2,10:00,11:00,ME303,A,false
T13,Prof. Ramesh Sharma,ramesh.t13@example.edu,ME,Fri,3,11:15,12:15,,,true
T13,Prof. Ramesh Sharma,ramesh.t13@example.edu,ME,Fri,4,12:15,13:15,,,true
T13,Prof. Ramesh Sharma,ramesh.t13@example.edu,ME,Fri,5,14:00,15:00,,,true
T13,Prof. Ramesh Sharma,ramesh.t13@example.edu,ME,Fri,6,15:00,16:00,,,true
T14,Dr. Meena Bose,meena.t14@example.edu,ME,Mon,1,09:00,10:00,,,true
T14,Dr. Meena Bose,meena.t14@example.edu,ME,Mon,2,10:00,11:00,,,true
T14,Dr. Meena Bose,meena.t14@example.edu,ME,Mon,3,11:15,12:15,,,true
T14,Dr. Meena Bose,meena.t14@example.edu,ME,Mon,4,12:15,13:15,,,true
T14,Dr. Meena Bose,meena.t14@example.edu,ME,Mon,5,14:00,15:00,,,true
T14,Dr. Meena Bose,meena.t14@example.edu,ME,Mon,6,15:00,16:00,ME304,A,false
T14,Dr. Meena Bose,meena.t14@example.edu,ME,Tue,1,09:00,10:00,,,true
T14,Dr. Meena Bose,meena.t14@example.edu,ME,Tue,2,10:00,11:00,,,true
T14,Dr. Meena Bose,meena.t14@example.edu,ME,Tue,3,11:15,12:15,,,true
T14,Dr. Meena Bose,meena.t14@example.edu,ME,Tue,4,12:15,13:15,ME303,B,false
T14,Dr. Meena Bose,meena.t14@example.edu,ME,Tue,5,14:00,15:00,,,true
T14,Dr. Meena Bose,meena.t14@example.edu,ME,Tue,6,15:00,16:00,,,true
T14,Dr. Meena Bose,meena.t14@example.edu,ME,Wed,1,09:00,10:00,ME304,A,false
T14,Dr. Meena Bose,meena.t14@example.edu,ME,Wed,2,10:00,11:00,,,true
T14,Dr. Meena Bose,meena.t14@example.edu,ME,Wed,3,11:15,12:15,ME303,B,false
T14,Dr. Meena Bose,meena.t14@example.edu,ME,Wed,4,12:15,13:15,,,true
T14,Dr. Meena Bose,meena.t14@example.edu,ME,Wed,5,14:00,15:00,,,true
T14,Dr. Meena Bose,meena.t14@example.edu,ME,Wed,6,15:00,16:00,,,true
T14,Dr. Meena Bose,meena.t14@example.edu,ME,Thu,1,09:00,10:00,,,true
T14,Dr. Meena Bose,meena.t14@example.edu,ME,Thu,2,10:00,11:00,ME304,A,false
T14,Dr. Meena Bose,meena.t14@example.edu,ME,Thu,3,11:15,12:15,,,true
T14,Dr. Meena Bose,meena.t14@example.edu,ME,Thu,4,12:15,13:15,,,true
T14,Dr. Meena Bose,meena.t14@example.edu,ME,Thu,5,14:00,15:00,ME303,B,false
T14,Dr. Meena Bose,meena.t14@example.edu,ME,Thu,6,15:00,16:00,,,true
T14,Dr. Meena Bose,meena.t14@example.edu,ME,Fri,1,09:00,10:00,ME304,A,false
T14,Dr. Meena Bose,meena.t14@example.edu,ME,Fri,2,10:00,11:00,,,true
T14,Dr. Meena Bose,meena.t14@example.edu,ME,Fri,3,11:15,12:15,,,true
T14,Dr. Meena Bose,meena.t14@example.edu,ME,Fri,4,12:15,13:15,,,true
T14,Dr. Meena Bose,meena.t14@example.edu,ME,Fri,5,14:00,15:00,ME303,B,false
T14,Dr. Meena Bose,meena.t14@example.edu,ME,Fri,6,15:00,16:00,,,true
T15,Prof. Anand Gupta,anand.t15@example.edu,ME,Mon,1,09:00,10:00,ME305,A,false
T15,Prof. Anand Gupta,anand.t15@example.edu,ME,Mon,2,10:00,11:00,,,true
T15,Prof. Anand Gupta,anand.t15@example.edu,ME,Mon,3,11:15,12:15,ME304,B,false
T15,Prof. Anand Gupta,anand.t15@example.edu,ME,Mon,4,12:15,13:15,,,true
T15,Prof. Anand Gupta,anand.t15@example.edu,ME,Mon,5,14:00,15:00,,,true
T15,Prof. Anand Gupta,anand.t15@example.edu,ME,Mon,6,15:00,16:00,,,true
T15,Prof. Anand Gupta,anand.t15@example.edu,ME,Tue,1,09:00,10:00,,,true
T15,Prof. Anand Gupta,anand.t15@example.edu,ME,Tue,2,10:00,11:00,,,true
T15,Prof. Anand Gupta,anand.t15@example.edu,ME,Tue,3,11:15,12:15,ME305,A,false
T15,Prof. Anand Gupta,anand.t15@example.edu,ME,Tue,4,12:15,13:15,,,true
T15,Prof. Anand Gupta,anand.t15@example.edu,ME,Tue,5,14:00,15:00,ME304,B,false
T15,Prof. Anand Gupta,anand.t15@example.edu,ME,Tue,6,15:00,16:00,,,true
T15,Prof. Anand Gupta,anand.t15@example.edu,ME,Wed,1,09:00,10:00,,,true
T15,Prof. Anand Gupta,anand.t15@example.edu,ME,Wed,2,10:00,11:00,,,true
T15,Prof. Anand Gupta,anand.t15@example.edu,ME,Wed,3,11:15,12:15,,,true
T15,Prof. Anand Gupta,anand.t15@example.edu,ME,Wed,4,12:15,13:15,,,true
T15,Prof. Anand Gupta,anand.t15@example.edu,ME,Wed,5,14:00,15:00,ME305,A,false
T15,Prof. Anand Gupta,anand.t15@example.edu,ME,Wed,6,15:00,16:00,,,true
T15,Prof. Anand Gupta,anand.t15@example.edu,ME,Thu,1,09:00,10:00,ME305,A,false
T15,Prof. Anand Gupta,anand.t15@example.edu,ME,Thu,2,10:00,11:00,,,true
T15,Prof. Anand Gupta,anand.t15@example.edu,ME,Thu,3,11:15,12:15,,,true
T15,Prof. Anand Gupta,anand.t15@example.edu,ME,Thu,4,12:15,13:15,,,true
T15,Prof. Anand Gupta,anand.t15@example.edu,ME,Thu,5,14:00,15:00,,,true
T15,Prof. Anand Gupta,anand.t15@example.edu,ME,Thu,6,15:00,16:00,ME304,B,false
T15,Prof. Anand Gupta,anand.t15@example.edu,ME,Fri,1,09:00,10:00,,,true
T15,Prof. Anand Gupta,anand.t15@example.edu,ME,Fri,2,10:00,11:00,,,true
T15,Prof. Anand Gupta,anand.t15@example.edu,ME,Fri,3,11:15,12:15,ME304,B,false
T15,Prof. Anand Gupta,anand.t15@example.edu,ME,Fri,4,12:15,13:15,,,true
T15,Prof. Anand Gupta,anand.t15@example.edu,ME,Fri,5,14:00,15:00,,,true
T15,Prof. Anand Gupta,anand.t15@example.edu,ME,Fri,6,15:00,16:00,,,true
T16,Dr. Padma Kumar,padma.t16@example.edu,EEE,Mon,1,09:00,10:00,EE306,A,false
T16,Dr. Padma Kumar,padma.t16@example.edu,EEE,Mon,2,10:00,11:00,,,true
T16,Dr. Padma Kumar,padma.t16@example.edu,EEE,Mon,3,11:15,12:15,,,true
T16,Dr. Padma Kumar,padma.t16@example.edu,EEE,Mon,4,12:15,13:15,EE305,B,false
T16,Dr. Padma Kumar,padma.t16@example.edu,EEE,Mon,5,14:00,15:00,,,true
T16,Dr. Padma Kumar,padma.t16@example.edu,EEE,Mon,6,15:00,16:00,,,true
T16,Dr. Padma Kumar,padma.t16@example.edu,EEE,Tue,1,09:00,10:00,EE306,A,false
T16,Dr. Padma Kumar,padma.t16@example.edu,EEE,Tue,2,10:00,11:00,,,true
T16,Dr. Padma Kumar,padma.t16@example.edu,EEE,Tue,3,11:15,12:15,,,true
T16,Dr. Padma Kumar,padma.t16@example.edu,EEE,Tue,4,12:15,13:15,,,true
T16,Dr. Padma Kumar,padma.t16@example.edu,EEE,Tue,5,14:00,15:00,EE305,B,false
T16,Dr. Padma Kumar,padma.t16@example.edu,EEE,Tue,6,15:00,16:00,EE301,A,false
T16,Dr. Padma Kumar,padma.t16@example.edu,EEE,Wed,1,09:00,10:00,,,true
T16,Dr. Padma Kumar,padma.t16@example.edu,EEE,Wed,2,10:00,11:00,,,true
T16,Dr. Padma Kumar,padma.t16@example.edu,EEE,Wed,3,11:15,12:15,,,true
T16,Dr. Padma Kumar,padma.t16@example.edu,EEE,Wed,4,12:15,13:15,,,true
T16,Dr. Padma Kumar,padma.t16@example.edu,EEE,Wed,5,14:00,15:00,EE306,A,false
T16,Dr. Padma Kumar,padma.t16@example.edu,EEE,Wed,6,15:00,16:00,EE305,B,false
T16,Dr. Padma Kumar,padma.t16@example.edu,EEE,Thu,1,09:00,10:00,,,true
T16,Dr. Padma Kumar,padma.t16@example.edu,EEE,Thu,2,10:00,11:00,,,true
T16,Dr. Padma Kumar,padma.t16@example.edu,EEE,Thu,3,11:15,12:15,EE301,A,false
T16,Dr. Padma Kumar,padma.t16@example.edu,EEE,Thu,4,12:15,13:15,EE301,A,false
T16,Dr. Padma Kumar,padma.t16@example.edu,EEE,Thu,5,14:00,15:00,,,true
T16,Dr. Padma Kumar,padma.t16@example.edu,EEE,Thu,6,15:00,16:00,,,true
T16,Dr. Padma Kumar,padma.t16@example.edu,EEE,Fri,1,09:00,10:00,,,true
T16,Dr. Padma Kumar,padma.t16@example.edu,EEE,Fri,2,10:00,11:00,,,true
T16,Dr. Padma Kumar,padma.t16@example.edu,EEE,Fri,3,11:15,12:15,EE305,B,false
T16,Dr. Padma Kumar,padma.t16@example.edu,EEE,Fri,4,12:15,13:15,EE301,A,false
T16,Dr. Padma Kumar,padma.t16@example.edu,EEE,Fri,5,14:00,15:00,EE306,A,false
T16,Dr. Padma Kumar,padma.t16@example.edu,EEE,Fri,6,15:00,16:00,EE301,A,false
T17,Prof. Srinivasan Nair,srinivasan.t17@example.edu,EEE,Mon,1,09:00,10:00,,,true
T17,Prof. Srinivasan Nair,srinivasan.t17@example.edu,EEE,Mon,2,10:00,11:00,,,true
T17,Prof. Srinivasan Nair,srinivasan.t17@example.edu,EEE,Mon,3,11:15,12:15,,,true
T17,Prof. Srinivasan Nair,srinivasan.t17@example.edu,EEE,Mon,4,12:15,13:15,,,true
T17,Prof. Srinivasan Nair,srinivasan.t17@example.edu,EEE,Mon,5,14:00,15:00,EE306,B,false
T17,Prof. Srinivasan Nair,srinivasan.t17@example.edu,EEE,Mon,6,15:00,16:00,EE302,A,false
T17,Prof. Srinivasan Nair,srinivasan.t17@example.edu,EEE,Tue,1,09:00,10:00,EE301,B,false
T17,Prof. Srinivasan Nair,srinivasan.t17@example.edu,EEE,Tue,2,10:00,11:00,EE301,B,false
T17,Prof. Srinivasan Nair,srinivasan.t17@example.edu,EEE,Tue,3,11:15,12:15,EE306,B,false
T17,Prof. Srinivasan Nair,srinivasan.t17@example.edu,EEE,Tue,4,12:15,13:15,EE302,A,false
T17,Prof. Srinivasan Nair,srinivasan.t17@example.edu,EEE,Tue,5,14:00,15:00,,,true
T17,Prof. Srinivasan Nair,srinivasan.t17@example.edu,EEE,Tue,6,15:00,16:00,,,true
T17,Prof. Srinivasan Nair,srinivasan.t17@example.edu,EEE,Wed,1,09:00,10:00,,,true
T17,Prof. Srinivasan Nair,srinivasan.t17@example.edu,EEE,Wed,2,10:00,11:00,,,true
T17,Prof. Srinivasan Nair,srinivasan.t17@example.edu,EEE,Wed,3,11:15,12:15,EE306,B,false
T17,Prof. Srinivasan Nair,srinivasan.t17@example.edu,EEE,Wed,4,12:15,13:15,,,true
T17,Prof. Srinivasan Nair,srinivasan.t17@example.edu,EEE,Wed,5,14:00,15:00,,,true
T17,Prof. Srinivasan Nair,srinivasan.t17@example.edu,EEE,Wed,6,15:00,16:00,EE302,A,false
T17,Prof. Srinivasan Nair,srinivasan.t17@example.edu,EEE,Thu,1,09:00,10:00,EE302,A,false
T17,Prof. Srinivasan Nair,srinivasan.t17@example.edu,EEE,Thu,2,10:00,11:00,,,true
T17,Prof. Srinivasan Nair,srinivasan.t17@example.edu,EEE,Thu,3,11:15,12:15,EE306,B,false
T17,Prof. Srinivasan Nair,srinivasan.t17@example.edu,EEE,Thu,4,12:15,13:15,,,true
T17,Prof. Srinivasan Nair,srinivasan.t17@example.edu,EEE,Thu,5,14:00,15:00,EE301,B,false
T17,Prof. Srinivasan Nair,srinivasan.t17@example.edu,EEE,Thu,6,15:00,16:00,EE301,B,false
T17,Prof. Srinivasan Nair,srinivasan.t17@example.edu,EEE,Fri,1,09:00,10:00,EE301,B,false
T17,Prof. Srinivasan Nair,srinivasan.t17@example.edu,EEE,Fri,2,10:00,11:00,,,true
T17,Prof. Srinivasan Nair,srinivasan.t17@example.edu,EEE,Fri,3,11:15,12:15,,,true
T17,Prof. Srinivasan Nair,srinivasan.t17@example.edu,EEE,Fri,4,12:15,13:15,,,true
T17,Prof. Srinivasan Nair,srinivasan.t17@example.edu,EEE,Fri,5,14:00,15:00,,,true
T17,Prof. Srinivasan Nair,srinivasan.t17@example.edu,EEE,Fri,6,15:00,16:00,,,true
T18,Dr. Geetha Das,geetha.t18@example.edu,EEE,Mon,1,09:00,10:00,,,true
T18,Dr. Geetha Das,geetha.t18@example.edu,EEE,Mon,2,10:00,11:00,,,true
T18,Dr. Geetha Das,geetha.t18@example.edu,EEE,Mon,3,11:15,12:15,EE303,A,false
T18,Dr. Geetha Das,geetha.t18@example.edu,EEE,Mon,4,12:15,13:15,,,true
T18,Dr. Geetha Das,geetha.t18@example.edu,EEE,Mon,5,14:00,15:00,,,true
T18,Dr. Geetha Das,geetha.t18@example.edu,EEE,Mon,6,15:00,16:00,EE302,B,false
T18,Dr. Geetha Das,geetha.t18@example.edu,EEE,Tue,1,09:00,10:00,,,true
T18,Dr. Geetha Das,geetha.t18@example.edu,EEE,Tue,2,10:00,11:00,,,true
T18,Dr. Geetha Das,geetha.t18@example.edu,EEE,Tue,3,11:15,12:15,,,true
T18,Dr. Geetha Das,geetha.t18@example.edu,EEE,Tue,4,12:15,13:15,,,true
T18,Dr. Geetha Das,geetha.t18@example.edu,EEE,Tue,5,14:00,15:00,,,true
T18,Dr. Geetha Das,geetha.t18@example.edu,EEE,Tue,6,15:00,16:00,,,true
T18,Dr. Geetha Das,geetha.t18@example.edu,EEE,Wed,1,09:00,10:00,,,true
T18,Dr. Geetha Das,geetha.t18@example.edu,EEE,Wed,2,10:00,11:00,,,true
T18,Dr. Geetha Das,geetha.t18@example.edu,EEE,Wed,3,11:15,12:15,EE303,A,false
T18,Dr. Geetha Das,geetha.t18@example.edu,EEE,Wed,4,12:15,13:15,,,true
T18,Dr. Geetha Das,geetha.t18@example.edu,EEE,Wed,5,14:00,15:00,EE302,B,false
T18,Dr. Geetha Das,geetha.t18@example.edu,EEE,Wed,6,15:00,16:00,,,true
T18,Dr. Geetha Das,geetha.t18@example.edu,EEE,Thu,1,09:00,10:00,,,true
T18,Dr. Geetha Das,geetha.t18@example.edu,EEE,Thu,2,10:00,11:00,,,true
T18,Dr. Geetha Das,geetha.t18@example.edu,EEE,Thu,3,11:15,12:15,,,true
T18,Dr. Geetha Das,geetha.t18@example.edu,EEE,Thu,4,12:15,13:15,EE302,B,false
T18,Dr. Geetha Das,geetha.t18@example.edu,EEE,Thu,5,14:00,15:00,,,true
T18,Dr. Geetha Das,geetha.t18@example.edu,EEE,Thu,6,15:00,16:00,EE303,A,false
T18,Dr. Geetha Das,geetha.t18@example.edu,EEE,Fri,1,09:00,10:00,,,true
T18,Dr. Geetha Das,geetha.t18@example.edu,EEE,Fri,2,10:00,11:00,EE303,A,false
T18,Dr. Geetha Das,geetha.t18@example.edu,EEE,Fri,3,11:15,12:15,,,true
T18,Dr. Geetha Das,geetha.t18@example.edu,EEE,Fri,4,12:15,13:15,,,true
T18,Dr. Geetha Das,geetha.t18@example.edu,EEE,Fri,5,14:00,15:00,,,true
T18,Dr. Geetha Das,geetha.t18@example.edu,EEE,Fri,6,15:00,16:00,EE302,B,false
T19,Dr. Murali Patel,murali.t19@example.edu,EEE,Mon,1,09:00,10:00,EE303,B,false
T19,Dr. Murali Patel,murali.t19@example.edu,EEE,Mon,2,10:00,11:00,,,true
T19,Dr. Murali Patel,murali.t19@example.edu,EEE,Mon,3,11:15,12:15,,,true
T19,Dr. Murali Patel,murali.t19@example.edu,EEE,Mon,4,12:15,13:15,EE304,A,false
T19,Dr. Murali Patel,murali.t19@example.edu,EEE,Mon,5,14:00,15:00,,,true
T19,Dr. Murali Patel,murali.t19@example.edu,EEE,Mon,6,15:00,16:00,,,true
T19,Dr. Murali Patel,murali.t19@example.edu,EEE,Tue,1,09:00,10:00,,,true
T19,Dr. Murali Patel,murali.t19@example.edu,EEE,Tue,2,10:00,11:00,,,true
T19,Dr. Murali Patel,murali.t19@example.edu,EEE,Tue,3,11:15,12:15,,,true
T19,Dr. Murali Patel,murali.t19@example.edu,EEE,Tue,4,12:15,13:15,EE303,B,false
T19,Dr. Murali Patel,murali.t19@example.edu,EEE,Tue,5,14:00,15:00,,,true
T19,Dr. Murali Patel,murali.t19@example.edu,EEE,Tue,6,15:00,16:00,,,true
T19,Dr. Murali Patel,murali.t19@example.edu,EEE,Wed,1,09:00,10:00,,,true
T19,Dr. Murali Patel,murali.t19@example.edu,EEE,Wed,2,10:00,11:00,EE304,A,false
T19,Dr. Murali Patel,murali.t19@example.edu,EEE,Wed,3,11:15,12:15,,,true
T19,Dr. Murali Patel,murali.t19@example.edu,EEE,Wed,4,12:15,13:15,,,true
T19,Dr. Murali Patel,murali.t19@example.edu,EEE,Wed,5,14:00,15:00,,,true
T19,Dr. Murali Patel,murali.t19@example.edu,EEE,Wed,6,15:00,16:00,,,true
T19,Dr. Murali Patel,murali.t19@example.edu,EEE,Thu,1,09:00,10:00,EE303,B,false
T19,Dr. Murali Patel,murali.t19@example.edu,EEE,Thu,2,10:00,11:00,EE304,A,false
T19,Dr. Murali Patel,murali.t19@example.edu,EEE,Thu,3,11:15,12:15,,,true
T19,Dr. Murali Patel,murali.t19@example.edu,EEE,Thu,4,12:15,13:15,,,true
T19,Dr. Murali Patel,murali.t19@example.edu,EEE,Thu,5,14:00,15:00,,,true
T19,Dr. Murali Patel,murali.t19@example.edu,EEE,Thu,6,15:00,16:00,,,true
T19,Dr. Murali Patel,murali.t19@example.edu,EEE,Fri,1,09:00,10:00,EE304,A,false
T19,Dr. Murali Patel,murali.t19@example.edu,EEE,Fri,2,10:00,11:00,,,true
T19,Dr. Murali Patel,murali.t19@example.edu,EEE,Fri,3,11:15,12:15,,,true
T19,Dr. Murali Patel,murali.t19@example.edu,EEE,Fri,4,12:15,13:15,,,true
T19,Dr. Murali Patel,murali.t19@example.edu,EEE,Fri,5,14:00,15:00,EE303,B,false
T19,Dr. Murali Patel,murali.t19@example.edu,EEE,Fri,6,15:00,16:00,,,true
T20,Prof. Uma Mishra,uma.t20@example.edu,EEE,Mon,1,09:00,10:00,,,true
T20,Prof. Uma Mishra,uma.t20@example.edu,EEE,Mon,2,10:00,11:00,EE304,B,false
T20,Prof. Uma Mishra,uma.t20@example.edu,EEE,Mon,3,11:15,12:15,,,true
T20,Prof. Uma Mishra,uma.t20@example.edu,EEE,Mon,4,12:15,13:15,,,true
T20,Prof. Uma Mishra,uma.t20@example.edu,EEE,Mon,5,14:00,15:00,EE305,A,false
T20,Prof. Uma Mishra,uma.t20@example.edu,EEE,Mon,6,15:00,16:00,,,true
T20,Prof. Uma Mishra,uma.t20@example.edu,EEE,Tue,1,09:00,10:00,,,true
T20,Prof. Uma Mishra,uma.t20@example.edu,EEE,Tue,2,10:00,11:00,,,true
T20,Prof. Uma Mishra,uma.t20@example.edu,EEE,Tue,3,11:15,12:15,EE305,A,false
T20,Prof. Uma Mishra,uma.t20@example.edu,EEE,Tue,4,12:15,13:15,,,true
T20,Prof. Uma Mishra,uma.t20@example.edu,EEE,Tue,5,14:00,15:00,,,true
T20,Prof. Uma Mishra,uma.t20@example.edu,EEE,Tue,6,15:00,16:00,,,true
T20,Prof. Uma Mishra,uma.t20@example.edu,EEE,Wed,1,09:00,10:00,EE305,A,false
T20,Prof. Uma Mishra,uma.t20@example.edu,EEE,Wed,2,10:00,11:00,EE304,B,false
T20,Prof. Uma Mishra,uma.t20@example.edu,EEE,Wed,3,11:15,12:15,,,true
T20,Prof. Uma Mishra,uma.t20@example.edu,EEE,Wed,4,12:15,13:15,,,true
T20,Prof. Uma Mishra,uma.t20@example.edu,EEE,Wed,5,14:00,15:00,,,true
T20,Prof. Uma Mishra,uma.t20@example.edu,EEE,Wed,6,15:00,16:00,,,true
T20,Prof. Uma Mishra,uma.t20@example.edu,EEE,Thu,1,09:00,10:00,,,true
T20,Prof. Uma Mishra,uma.t20@example.edu,EEE,Thu,2,10:00,11:00,EE304,B,false
T20,Prof. Uma Mishra,uma.t20@example.edu,EEE,Thu,3,11:15,12:15,,,true
T20,Prof. Uma Mishra,uma.t20@example.edu,EEE,Thu,4,12:15,13:15,,,true
T20,Prof. Uma Mishra,uma.t20@example.edu,EEE,Thu,5,14:00,15:00,,,true
T20,Prof. Uma Mishra,uma.t20@example.edu,EEE,Thu,6,15:00,16:00,,,true
T20,Prof. Uma Mishra,uma.t20@example.edu,EEE,Fri,1,09:00,10:00,,,true
T20,Prof. Uma Mishra,uma.t20@example.edu,EEE,Fri,2,10:00,11:00,EE304,B,false
T20,Prof. Uma Mishra,uma.t20@example.edu,EEE,Fri,3,11:15,12:15,EE305,A,false
T20,Prof. Uma Mishra,uma.t20@example.edu,EEE,Fri,4,12:15,13:15,,,true
T20,Prof. Uma Mishra,uma.t20@example.edu,EEE,Fri,5,14:00,15:00,,,true
T20,Prof. Uma Mishra,uma.t20@example.edu,EEE,Fri,6,15:00,16:00,,,true
T21,Prof. Rajesh Iyer,rajesh.t21@example.edu,Civil,Mon,1,09:00,10:00,,,true
T21,Prof. Rajesh Iyer,rajesh.t21@example.edu,Civil,Mon,2,10:00,11:00,,,true
T21,Prof. Rajesh Iyer,rajesh.t21@example.edu,Civil,Mon,3,11:15,12:15,CV305,B,false
T21,Prof. Rajesh Iyer,rajesh.t21@example.edu,Civil,Mon,4,12:15,13:15,CV306,A,false
T21,Prof. Rajesh Iyer,rajesh.t21@example.edu,Civil,Mon,5,14:00,15:00,,,true
T21,Prof. Rajesh Iyer,rajesh.t21@example.edu,Civil,Mon,6,15:00,16:00,,,true
T21,Prof. Rajesh Iyer,rajesh.t21@example.edu,Civil,Tue,1,09:00,10:00,CV305,B,false
T21,Prof. Rajesh Iyer,rajesh.t21@example.edu,Civil,Tue,2,10:00,11:00,CV306,A,false
T21,Prof. Rajesh Iyer,rajesh.t21@example.edu,Civil,Tue,3,11:15,12:15,CV301,A,false
T21,Prof. Rajesh Iyer,rajesh.t21@example.edu,Civil,Tue,4,12:15,13:15,,,true
T21,Prof. Rajesh Iyer,rajesh.t21@example.edu,Civil,Tue,5,14:00,15:00,,,true
T21,Prof. Rajesh Iyer,rajesh.t21@example.edu,Civil,Tue,6,15:00,16:00,CV301,A,false
T21,Prof. Rajesh Iyer,rajesh.t21@example.edu,Civil,Wed,1,09:00,10:00,,,true
T21,Prof. Rajesh Iyer,rajesh.t21@example.edu,Civil,Wed,2,10:00,11:00,CV305,B,false
T21,Prof. Rajesh Iyer,rajesh.t21@example.edu,Civil,Wed,3,11:15,12:15,,,true
T21,Prof. Rajesh Iyer,rajesh.t21@example.edu,Civil,Wed,4,12:15,13:15,CV306,A,false
T21,Prof. Rajesh Iyer,rajesh.t21@example.edu,Civil,Wed,5,14:00,15:00,,,true
T21,Prof. Rajesh Iyer,rajesh.t21@example.edu,Civil,Wed,6,15:00,16:00,,,true
T21,Prof. Rajesh Iyer,rajesh.t21@example.edu,Civil,Thu,1,09:00,10:00,,,true
T21,Prof. Rajesh Iyer,rajesh.t21@example.edu,Civil,Thu,2,10:00,11:00,CV301,A,false
T21,Prof. Rajesh Iyer,rajesh.t21@example.edu,Civil,Thu,3,11:15,12:15,,,true
T21,Prof. Rajesh Iyer,rajesh.t21@example.edu,Civil,Thu,4,12:15,13:15,CV301,A,false
T21,Prof. Rajesh Iyer,rajesh.t21@example.edu,Civil,Thu,5,14:00,15:00,,,true
T21,Prof. Rajesh Iyer,rajesh.t21@example.edu,Civil,Thu,6,15:00,16:00,CV305,B,false
T21,Prof. Rajesh Iyer,rajesh.t21@example.edu,Civil,Fri,1,09:00,10:00,,,true
T21,Prof. Rajesh Iyer,rajesh.t21@example.edu,Civil,Fri,2,10:00,11:00,CV301,A,false
T21,Prof. Rajesh Iyer,rajesh.t21@example.edu,Civil,Fri,3,11:15,12:15,CV306,A,false
T21,Prof. Rajesh Iyer,rajesh.t21@example.edu,Civil,Fri,4,12:15,13:15,,,true
T21,Prof. Rajesh Iyer,rajesh.t21@example.edu,Civil,Fri,5,14:00,15:00,,,true
T21,Prof. Rajesh Iyer,rajesh.t21@example.edu,Civil,Fri,6,15:00,16:00,,,true
T22,Prof. Kalpana Chandran,kalpana.t22@example.edu,Civil,Mon,1,09:00,10:00,CV302,A,false
T22,Prof. Kalpana Chandran,kalpana.t22@example.edu,Civil,Mon,2,10:00,11:00,,,true
T22,Prof. Kalpana Chandran,kalpana.t22@example.edu,Civil,Mon,3,11:15,12:15,,,true
T22,Prof. Kalpana Chandran,kalpana.t22@example.edu,Civil,Mon,4,12:15,13:15,,,true
T22,Prof. Kalpana Chandran,kalpana.t22@example.edu,Civil,Mon,5,14:00,15:00,CV306,B,false
T22,Prof. Kalpana Chandran,kalpana.t22@example.edu,Civil,Mon,6,15:00,16:00,,,true
T22,Prof. Kalpana Chandran,kalpana.t22@example.edu,Civil,Tue,1,09:00,10:00,CV302,A,false
T22,Prof. Kalpana Chandran,kalpana.t22@example.edu,Civil,Tue,2,10:00,11:00,CV301,B,false
T22,Prof. Kalpana Chandran,kalpana.t22@example.edu,Civil,Tue,3,11:15,12:15,,,true
T22,Prof. Kalpana Chandran,kalpana.t22@example.edu,Civil,Tue,4,12:15,13:15,CV306,B,false
T22,Prof. Kalpana Chandran,kalpana.t22@example.edu,Civil,Tue,5,14:00,15:00,,,true
T22,Prof. Kalpana Chandran,kalpana.t22@example.edu,Civil,Tue,6,15:00,16:00,,,true
T22,Prof. Kalpana Chandran,kalpana.t22@example.edu,Civil,Wed,1,09:00,10:00,,,true
T22,Prof. Kalpana Chandran,kalpana.t22@example.edu,Civil,Wed,2,10:00,11:00,,,true
T22,Prof. Kalpana Chandran,kalpana.t22@example.edu,Civil,Wed,3,11:15,12:15,CV306,B,false
T22,Prof. Kalpana Chandran,kalpana.t22@example.edu,Civil,Wed,4,12:15,13:15,,,true
T22,Prof. Kalpana Chandran,kalpana.t22@example.edu,Civil,Wed,5,14:00,15:00,,,true
T22,Prof. Kalpana Chandran,kalpana.t22@example.edu,Civil,Wed,6,15:00,16:00,CV302,A,false
T22,Prof. Kalpana Chandran,kalpana.t22@example.edu,Civil,Thu,1,09:00,10:00,CV306,B,false
T22,Prof. Kalpana Chandran,kalpana.t22@example.edu,Civil,Thu,2,10:00,11:00,,,true
T22,Prof. Kalpana Chandran,kalpana.t22@example.edu,Civil,Thu,3,11:15,12:15,,,true
T22,Prof. Kalpana Chandran,kalpana.t22@example.edu,Civil,Thu,4,12:15,13:15,CV301,B,false
T22,Prof. Kalpana Chandran,kalpana.t22@example.edu,Civil,Thu,5,14:00,15:00,CV301,B,false
T22,Prof. Kalpana Chandran,kalpana.t22@example.edu,Civil,Thu,6,15:00,16:00,,,true
T22,Prof. Kalpana Chandran,kalpana.t22@example.edu,Civil,Fri,1,09:00,10:00,CV301,B,false
T22,Prof. Kalpana Chandran,kalpana.t22@example.edu,Civil,Fri,2,10:00,11:00,,,true
T22,Prof. Kalpana Chandran,kalpana.t22@example.edu,Civil,Fri,3,11:15,12:15,,,true
T22,Prof. Kalpana Chandran,kalpana.t22@example.edu,Civil,Fri,4,12:15,13:15,CV302,A,false
T22,Prof. Kalpana Chandran,kalpana.t22@example.edu,Civil,Fri,5,14:00,15:00,CV301,B,false
T22,Prof. Kalpana Chandran,kalpana.t22@example.edu,Civil,Fri,6,15:00,16:00,,,true
T23,Dr. Senthil Das,senthil.t23@example.edu,Civil,Mon,1,09:00,10:00,,,true
T23,Dr. Senthil Das,senthil.t23@example.edu,Civil,Mon,2,10:00,11:00,,,true
T23,Dr. Senthil Das,senthil.t23@example.edu,Civil,Mon,3,11:15,12:15,CV303,A,false
T23,Dr. Senthil Das,senthil.t23@example.edu,Civil,Mon,4,12:15,13:15,CV302,B,false
T23,Dr. Senthil Das,senthil.t23@example.edu,Civil,Mon,5,14:00,15:00,,,true
T23,Dr. Senthil Das,senthil.t23@example.edu,Civil,Mon,6,15:00,16:00,,,true
T23,Dr. Senthil Das,senthil.t23@example.edu,Civil,Tue,1,09:00,10:00,,,true
T23,Dr. Senthil Das,senthil.t23@example.edu,Civil,Tue,2,10:00,11:00,,,true
T23,Dr. Senthil Das,senthil.t23@example.edu,Civil,Tue,3,11:15,12:15,CV302,B,false
T23,Dr. Senthil Das,senthil.t23@example.edu,Civil,Tue,4,12:15,13:15,,,true
T23,Dr. Senthil Das,senthil.t23@example.edu,Civil,Tue,5,14:00,15:00,,,true
T23,Dr. Senthil Das,senthil.t23@example.edu,Civil,Tue,6,15:00,16:00,,,true
T23,Dr. Senthil Das,senthil.t23@example.edu,Civil,Wed,1,09:00,10:00,,,true
T23,Dr. Senthil Das,senthil.t23@example.edu,Civil,Wed,2,10:00,11:00,,,true
T23,Dr. Senthil Das,senthil.t23@example.edu,Civil,Wed,3,11:15,12:15,CV303,A,false
T23,Dr. Senthil Das,senthil.t23@example.edu,Civil,Wed,4,12:15,13:15,CV302,B,false
T23,Dr. Senthil Das,senthil.t23@example.edu,Civil,Wed,5,14:00,15:00,,,true
T23,Dr. Senthil Das,senthil.t23@example.edu,Civil,Wed,6,15:00,16:00,,,true
T23,Dr. Senthil Das,senthil.t23@example.edu,Civil,Thu,1,09:00,10:00,,,true
T23,Dr. Senthil Das,senthil.t23@example.edu,Civil,Thu,2,10:00,11:00,,,true
T23,Dr. Senthil Das,senthil.t23@example.edu,Civil,Thu,3,11:15,12:15,,,true
T23,Dr. Senthil Das,senthil.t23@example.edu,Civil,Thu,4,12:15,13:15,,,true
T23,Dr. Senthil Das,senthil.t23@example.edu,Civil,Thu,5,14:00,15:00,CV303,A,false
T23,Dr. Senthil Das,senthil.t23@example.edu,Civil,Thu,6,15:00,16:00,,,true
T23,Dr. Senthil Das,senthil.t23@example.edu,Civil,Fri,1,09:00,10:00,,,true
T23,Dr. Senthil Das,senthil.t23@example.edu,Civil,Fri,2,10:00,11:00,,,true
T23,Dr. Senthil Das,senthil.t23@example.edu,Civil,Fri,3,11:15,12:15,,,true
T23,Dr. Senthil Das,senthil.t23@example.edu,Civil,Fri,4,12:15,13:15,,,true
T23,Dr. Senthil Das,senthil.t23@example.edu,Civil,Fri,5,14:00,15:00,CV303,A,false
T23,Dr. Senthil Das,senthil.t23@example.edu,Civil,Fri,6,15:00,16:00,CV302,B,false
T24,Dr. Revathi Chandran,revathi.t24@example.edu,Civil,Mon,1,09:00,10:00,,,true
T24,Dr. Revathi Chandran,revathi.t24@example.edu,Civil,Mon,2,10:00,11:00,CV303,B,false
T24,Dr. Revathi Chandran,revathi.t24@example.edu,Civil,Mon,3,11:15,12:15,,,true
T24,Dr. Revathi Chandran,revathi.t24@example.edu,Civil,Mon,4,12:15,13:15,,,true
T24,Dr. Revathi Chandran,revathi.t24@example.edu,Civil,Mon,5,14:00,15:00,,,true
T24,Dr. Revathi Chandran,revathi.t24@example.edu,Civil,Mon,6,15:00,16:00,CV304,A,false
T24,Dr. Revathi Chandran,revathi.t24@example.edu,Civil,Tue,1,09:00,10:00,,,true
T24,Dr. Revathi Chandran,revathi.t24@example.edu,Civil,Tue,2,10:00,11:00,,,true
T24,Dr. Revathi Chandran,revathi.t24@example.edu,Civil,Tue,3,11:15,12:15,,,true
T24,Dr. Revathi Chandran,revathi.t24@example.edu,Civil,Tue,4,12:15,13:15,,,true
T24,Dr. Revathi Chandran,revathi.t24@example.edu,Civil,Tue,5,14:00,15:00,CV303,B,false
T24,Dr. Revathi Chandran,revathi.t24@example.edu,Civil,Tue,6,15:00,16:00,,,true
T24,Dr. Revathi Chandran,revathi.t24@example.edu,Civil,Wed,1,09:00,10:00,,,true
T24,Dr. Revathi Chandran,revathi.t24@example.edu,Civil,Wed,2,10:00,11:00,CV304,A,false
T24,Dr. Revathi Chandran,revathi.t24@example.edu,Civil,Wed,3,11:15,12:15,,,true
T24,Dr. Revathi Chandran,revathi.t24@example.edu,Civil,Wed,4,12:15,13:15,,,true
T24,Dr. Revathi Chandran,revathi.t24@example.edu,Civil,Wed,5,14:00,15:00,,,true
T24,Dr. Revathi Chandran,revathi.t24@example.edu,Civil,Wed,6,15:00,16:00,,,true
T24,Dr. Revathi Chandran,revathi.t24@example.edu,Civil,Thu,1,09:00,10:00,CV304,A,false
T24,Dr. Revathi Chandran,revathi.t24@example.edu,Civil,Thu,2,10:00,11:00,,,true
T24,Dr. Revathi Chandran,revathi.t24@example.edu,Civil,Thu,3,11:15,12:15,CV303,B,false
T24,Dr. Revathi Chandran,revathi.t24@example.edu,Civil,Thu,4,12:15,13:15,,,true
T24,Dr. Revathi Chandran,revathi.t24@example.edu,Civil,Thu,5,14:00,15:00,,,true
T24,Dr. Revathi Chandran,revathi.t24@example.edu,Civil,Thu,6,15:00,16:00,,,true
T24,Dr. Revathi Chandran,revathi.t24@example.edu,Civil,Fri,1,09:00,10:00,,,true
T24,Dr. Revathi Chandran,revathi.t24@example.edu,Civil,Fri,2,10:00,11:00,,,true
T24,Dr. Revathi Chandran,revathi.t24@example.edu,Civil,Fri,3,11:15,12:15,,,true
T24,Dr. Revathi Chandran,revathi.t24@example.edu,Civil,Fri,4,12:15,13:15,CV303,B,false
T24,Dr. Revathi Chandran,revathi.t24@example.edu,Civil,Fri,5,14:00,15:00,,,true
T24,Dr. Revathi Chandran,revathi.t24@example.edu,Civil,Fri,6,15:00,16:00,CV304,A,false
T25,Prof. Balaji Mishra,balaji.t25@example.edu,Civil,Mon,1,09:00,10:00,,,true
T25,Prof. Balaji Mishra,balaji.t25@example.edu,Civil,Mon,2,10:00,11:00,,,true
T25,Prof. Balaji Mishra,balaji.t25@example.edu,Civil,Mon,3,11:15,12:15,,,true
T25,Prof. Balaji Mishra,balaji.t25@example.edu,Civil,Mon,4,12:15,13:15,,,true
T25,Prof. Balaji Mishra,balaji.t25@example.edu,Civil,Mon,5,14:00,15:00,,,true
T25,Prof. Balaji Mishra,balaji.t25@example.edu,Civil,Mon,6,15:00,16:00,CV304,B,false
T25,Prof. Balaji Mishra,balaji.t25@example.edu,Civil,Tue,1,09:00,10:00,,,true
T25,Prof. Balaji Mishra,balaji.t25@example.edu,Civil,Tue,2,10:00,11:00,,,true
T25,Prof. Balaji Mishra,balaji.t25@example.edu,Civil,Tue,3,11:15,12:15,,,true
T25,Prof. Balaji Mishra,balaji.t25@example.edu,Civil,Tue,4,12:15,13:15,,,true
T25,Prof. Balaji Mishra,balaji.t25@example.edu,Civil,Tue,5,14:00,15:00,CV305,A,false
T25,Prof. Balaji Mishra,balaji.t25@example.edu,Civil,Tue,6,15:00,16:00,,,true
T25,Prof. Balaji Mishra,balaji.t25@example.edu,Civil,Wed,1,09:00,10:00,CV305,A,false
T25,Prof. Balaji Mishra,balaji.t25@example.edu,Civil,Wed,2,10:00,11:00,,,true
T25,Prof. Balaji Mishra,balaji.t25@example.edu,Civil,Wed,3,11:15,12:15,,,true
T25,Prof. Balaji Mishra,balaji.t25@example.edu,Civil,Wed,4,12:15,13:15,,,true
T25,Prof. Balaji Mishra,balaji.t25@example.edu,Civil,Wed,5,14:00,15:00,,,true
T25,Prof. Balaji Mishra,balaji.t25@example.edu,Civil,Wed,6,15:00,16:00,CV304,B,false
T25,Prof. Balaji Mishra,balaji.t25@example.edu,Civil,Thu,1,09:00,10:00,,,true
T25,Prof. Balaji Mishra,balaji.t25@example.edu,Civil,Thu,2,10:00,11:00,CV304,B,false
T25,Prof. Balaji Mishra,balaji.t25@example.edu,Civil,Thu,3,11:15,12:15,,,true
T25,Prof. Balaji Mishra,balaji.t25@example.edu,Civil,Thu,4,12:15,13:15,,,true
T25,Prof. Balaji Mishra,balaji.t25@example.edu,Civil,Thu,5,14:00,15:00,,,true
T25,Prof. Balaji Mishra,balaji.t25@example.edu,Civil,Thu,6,15:00,16:00,CV305,A,false
T25,Prof. Balaji Mishra,balaji.t25@example.edu,Civil,Fri,1,09:00,10:00,CV305,A,false
T25,Prof. Balaji Mishra,balaji.t25@example.edu,Civil,Fri,2,10:00,11:00,CV304,B,false
T25,Prof. Balaji Mishra,balaji.t25@example.edu,Civil,Fri,3,11:15,12:15,,,true
T25,Prof. Balaji Mishra,balaji.t25@example.edu,Civil,Fri,4,12:15,13:15,,,true
T25,Prof. Balaji Mishra,balaji.t25@example.edu,Civil,Fri,5,14:00,15:00,,,true
T25,Prof. Balaji Mishra,balaji.t25@example.edu,Civil,Fri,6,15:00,16:00,,,true
