roll_no,name,department,year,section,email,phone,faculty_adviser,adviser_email
23CSA001,Manoj Nair,CSE,3,A,manoj.23csa001@example.edu,+91 90000 00001,Prof. Arjun Pillai,arjun.t02@example.edu
23CSA002,Pooja Mishra,CSE,3,A,pooja.23csa002@example.edu,+91 90000 00002,Prof. Arjun Pillai,arjun.t02@example.edu
23CSA003,Vivek Bose,CSE,3,A,vivek.23csa003@example.edu,+91 90000 00003,Prof. Arjun Pillai,arjun.t02@example.edu
23CSA004,Sneha Joshi,CSE,3,A,sneha.23csa004@example.edu,+91 90000 00004,Prof. Arjun Pillai,arjun.t02@example.edu
23CSA005,Kavya Raman,CSE,3,A,kavya.23csa005@example.edu,+91 90000 00005,Prof. Arjun Pillai,arjun.t02@example.edu
23CSA006,Manoj Pillai,CSE,3,A,manoj.23csa006@example.edu,+91 90000 00006,Prof. Arjun Pillai,arjun.t02@example.edu
23CSA007,Manoj Balaji,CSE,3,A,manoj.23csa007@example.edu,+91 90000 00007,Prof. Arjun Pillai,arjun.t02@example.edu
23CSA008,Vivek Rao,CSE,3,A,vivek.23csa008@example.edu,+91 90000 00008,Prof. Arjun Pillai,arjun.t02@example.edu
23CSA009,Siddharth Gupta,CSE,3,A,siddharth.23csa009@example.edu,+91 90000 00009,Prof. Arjun Pillai,arjun.t02@example.edu
23CSA010,Karthik Reddy,CSE,3,A,karthik.23csa010@example.edu,+91 90000 00010,Prof. Arjun Pillai,arjun.t02@example.edu
23CSA011,Harini Menon,CSE,3,A,harini.23csa011@example.edu,+91 90000 00011,Prof. Arjun Pillai,arjun.t02@example.edu
23CSA012,Surya Mishra,CSE,3,A,surya.23csa012@example.edu,+91 90000 00012,Prof. Arjun Pillai,arjun.t02@example.edu
23CSA013,Kavya Rao,CSE,3,A,kavya.23csa013@example.edu,+91 90000 00013,Prof. Arjun Pillai,arjun.t02@example.edu
23CSA014,Harini Joshi,CSE,3,A,harini.23csa014@example.edu,+91 90000 00014,Prof. Arjun Pillai,arjun.t02@example.edu
23CSA015,Surya Menon,CSE,3,A,surya.23csa015@example.edu,+91 90000 00015,Prof. Arjun Pillai,arjun.t02@example.edu
23CSA016,Varun Subramanian,CSE,3,A,varun.23csa016@example.edu,+91 90000 00016,Prof. Arjun Pillai,arjun.t02@example.edu
23CSA017,Sneha Chandran,CSE,3,A,sneha.23csa017@example.edu,+91 90000 00017,Prof. Arjun Pillai,arjun.t02@example.edu
23CSA018,Surya Iyer,CSE,3,A,surya.23csa018@example.edu,+91 90000 00018,Prof. Arjun Pillai,arjun.t02@example.edu
23CSA019,Rahul Chandran,CSE,3,A,rahul.23csa019@example.edu,+91 90000 00019,Prof. Arjun Pillai,arjun.t02@example.edu
23CSA020,Gokul Krishnan,CSE,3,A,gokul.23csa020@example.edu,+91 90000 00020,Prof. Arjun Pillai,arjun.t02@example.edu
23CSA021,Shreya Venkatesh,CSE,3,A,shreya.23csa021@example.edu,+91 90000 00021,Prof. Arjun Pillai,arjun.t02@example.edu
23CSA022,Siddharth Das,CSE,3,A,siddharth.23csa022@example.edu,+91 90000 00022,Prof. Arjun Pillai,arjun.t02@example.edu
23CSA023,Arjun Bose,CSE,3,A,arjun.23csa023@example.edu,+91 90000 00023,Prof. Arjun Pillai,arjun.t02@example.edu
23CSA024,Harish Joshi,CSE,3,A,harish.23csa024@example.edu,+91 90000 00024,Prof. Arjun Pillai,arjun.t02@example.edu
23CSA025,Nivetha Raman,CSE,3,A,nivetha.23csa025@example.edu,+91 90000 00025,Prof. Arjun Pillai,arjun.t02@example.edu
23CSA026,Bhavana Chandran,CSE,3,A,bhavana.23csa026@example.edu,+91 90000 00026,Prof. Arjun Pillai,arjun.t02@example.edu
23CSA027,Naveen Joshi,CSE,3,A,naveen.23csa027@example.edu,+91 90000 00027,Prof. Arjun Pillai,arjun.t02@example.edu
23CSA028,Shreya Raman,CSE,3,A,shreya.23csa028@example.edu,+91 90000 00028,Prof. Arjun Pillai,arjun.t02@example.edu
23CSA029,Aarav Kumar,CSE,3,A,aarav.23csa029@example.edu,+91 90000 00029,Prof. Arjun Pillai,arjun.t02@example.edu
23CSA030,Deepika Kumar,CSE,3,A,deepika.23csa030@example.edu,+91 90000 00030,Prof. Arjun Pillai,arjun.t02@example.edu
23CSB001,Nikhil Bose,CSE,3,B,nikhil.23csb001@example.edu,+91 90000 00031,Dr. Kavitha Menon,kavitha.t03@example.edu
23CSB002,Vivek Krishnan,CSE,3,B,vivek.23csb002@example.edu,+91 90000 00032,Dr. Kavitha Menon,kavitha.t03@example.edu
23CSB003,Akash Pillai,CSE,3,B,akash.23csb003@example.edu,+91 90000 00033,Dr. Kavitha Menon,kavitha.t03@example.edu
23CSB004,Ananya Menon,CSE,3,B,ananya.23csb004@example.edu,+91 90000 00034,Dr. Kavitha Menon,kavitha.t03@example.edu
23CSB005,Aishwarya Das,CSE,3,B,aishwarya.23csb005@example.edu,+91 90000 00035,Dr. Kavitha Menon,kavitha.t03@example.edu
23CSB006,Keerthana Iyer,CSE,3,B,keerthana.23csb006@example.edu,+91 90000 00036,Dr. Kavitha Menon,kavitha.t03@example.edu
23CSB007,Sneha Chandran,CSE,3,B,sneha.23csb007@example.edu,+91 90000 00037,Dr. Kavitha Menon,kavitha.t03@example.edu
23CSB008,Shreya Rao,CSE,3,B,shreya.23csb008@example.edu,+91 90000 00038,Dr. Kavitha Menon,kavitha.t03@example.edu
23CSB009,Manoj Subramanian,CSE,3,B,manoj.23csb009@example.edu,+91 90000 00039,Dr. Kavitha Menon,kavitha.t03@example.edu
23CSB010,Pooja Kumar,CSE,3,B,pooja.23csb010@example.edu,+91 90000 00040,Dr. Kavitha Menon,kavitha.t03@example.edu
23CSB011,Keerthana Pillai,CSE,3,B,keerthana.23csb011@example.edu,+91 90000 00041,Dr. Kavitha Menon,kavitha.t03@example.edu
23CSB012,Shreya Chandran,CSE,3,B,shreya.23csb012@example.edu,+91 90000 00042,Dr. Kavitha Menon,kavitha.t03@example.edu
23CSB013,Aarav Pillai,CSE,3,B,aarav.23csb013@example.edu,+91 90000 00043,Dr. Kavitha Menon,kavitha.t03@example.edu
23CSB014,Nivetha Bose,CSE,3,B,nivetha.23csb014@example.edu,+91 90000 00044,Dr. Kavitha Menon,kavitha.t03@example.edu
23CSB015,Arjun Gupta,CSE,3,B,arjun.23csb015@example.edu,+91 90000 00045,Dr. Kavitha Menon,kavitha.t03@example.edu
23CSB016,Aditya Chandran,CSE,3,B,aditya.23csb016@example.edu,+91 90000 00046,Dr. Kavitha Menon,kavitha.t03@example.edu
23CSB017,Ananya Bose,CSE,3,B,ananya.23csb017@example.edu,+91 90000 00047,Dr. Kavitha Menon,kavitha.t03@example.edu
23CSB018,Meera Venkatesh,CSE,3,B,meera.23csb018@example.edu,+91 90000 00048,Dr. Kavitha Menon,kavitha.t03@example.edu
23CSB019,Pooja Kumar,CSE,3,B,pooja.23csb019@example.edu,+91 90000 00049,Dr. Kavitha Menon,kavitha.t03@example.edu
23CSB020,Nikhil Raman,CSE,3,B,nikhil.23csb020@example.edu,+91 90000 00050,Dr. Kavitha Menon,kavitha.t03@example.edu
23CSB021,Siddharth Mishra,CSE,3,B,siddharth.23csb021@example.edu,+91 90000 00051,Dr. Kavitha Menon,kavitha.t03@example.edu
23CSB022,Ashwin Sharma,CSE,3,B,ashwin.23csb022@example.edu,+91 90000 00052,Dr. Kavitha Menon,kavitha.t03@example.edu
23CSB023,Arjun Balaji,CSE,3,B,arjun.23csb023@example.edu,+91 90000 00053,Dr. Kavitha Menon,kavitha.t03@example.edu
23CSB024,Aishwarya Bose,CSE,3,B,aishwarya.23csb024@example.edu,+91 90000 00054,Dr. Kavitha Menon,kavitha.t03@example.edu
23CSB025,Gokul Reddy,CSE,3,B,gokul.23csb025@example.edu,+91 90000 00055,Dr. Kavitha Menon,kavitha.t03@example.edu
23CSB026,Akash Sharma,CSE,3,B,akash.23csb026@example.edu,+91 90000 00056,Dr. Kavitha Menon,kavitha.t03@example.edu
23CSB027,Lavanya Nair,CSE,3,B,lavanya.23csb027@example.edu,+91 90000 00057,Dr. Kavitha Menon,kavitha.t03@example.edu
23CSB028,Arjun Sharma,CSE,3,B,arjun.23csb028@example.edu,+91 90000 00058,Dr. Kavitha Menon,kavitha.t03@example.edu
23CSB029,Divya Das,CSE,3,B,divya.23csb029@example.edu,+91 90000 00059,Dr. Kavitha Menon,kavitha.t03@example.edu
23CSB030,Sanjay Menon,CSE,3,B,sanjay.23csb030@example.edu,+91 90000 00060,Dr. Kavitha Menon,kavitha.t03@example.edu
23ECA001,Siddharth Bose,ECE,3,A,siddharth.23eca001@example.edu,+91 90000 00061,Dr. Vikram Reddy,vikram.t07@example.edu
23ECA002,Lavanya Sharma,ECE,3,A,lavanya.23eca002@example.edu,+91 90000 00062,Dr. Vikram Reddy,vikram.t07@example.edu
23ECA003,Rahul Mishra,ECE,3,A,rahul.23eca003@example.edu,+91 90000 00063,Dr. Vikram Reddy,vikram.t07@example.edu
23ECA004,Varun Gupta,ECE,3,A,varun.23eca004@example.edu,+91 90000 00064,Dr. Vikram Reddy,vikram.t07@example.edu
23ECA005,Surya Krishnan,ECE,3,A,surya.23eca005@example.edu,+91 90000 00065,Dr. Vikram Reddy,vikram.t07@example.edu
23ECA006,Pranav Subramanian,ECE,3,A,pranav.23eca006@example.edu,+91 90000 00066,Dr. Vikram Reddy,vikram.t07@example.edu
23ECA007,Nivetha Raman,ECE,3,A,nivetha.23eca007@example.edu,+91 90000 00067,Dr. Vikram Reddy,vikram.t07@example.edu
23ECA008,Vivek Das,ECE,3,A,vivek.23eca008@example.edu,+91 90000 00068,Dr. Vikram Reddy,vikram.t07@example.edu
23ECA009,Nivetha Nair,ECE,3,A,nivetha.23eca009@example.edu,+91 90000 00069,Dr. Vikram Reddy,vikram.t07@example.edu
23ECA010,Pranav Raman,ECE,3,A,pranav.23eca010@example.edu,+91 90000 00070,Dr. Vikram Reddy,vikram.t07@example.edu
23ECA011,Manoj Pillai,ECE,3,A,manoj.23eca011@example.edu,+91 90000 00071,Dr. Vikram Reddy,vikram.t07@example.edu
23ECA012,Lavanya Menon,ECE,3,A,lavanya.23eca012@example.edu,+91 90000 00072,Dr. Vikram Reddy,vikram.t07@example.edu
23ECA013,Siddharth Pillai,ECE,3,A,siddharth.23eca013@example.edu,+91 90000 00073,Dr. Vikram Reddy,vikram.t07@example.edu
23ECA014,Naveen Chandran,ECE,3,A,naveen.23eca014@example.edu,+91 90000 00074,Dr. Vikram Reddy,vikram.t07@example.edu
23ECA015,Harish Raman,ECE,3,A,harish.23eca015@example.edu,+91 90000 00075,Dr. Vikram Reddy,vikram.t07@example.edu
23ECA016,Meera Nair,ECE,3,A,meera.23eca016@example.edu,+91 90000 00076,Dr. Vikram Reddy,vikram.t07@example.edu
23ECA017,Rahul Chandran,ECE,3,A,rahul.23eca017@example.edu,+91 90000 00077,Dr. Vikram Reddy,vikram.t07@example.edu
23ECA018,Arjun Balaji,ECE,3,A,arjun.23eca018@example.edu,+91 90000 00078,Dr. Vikram Reddy,vikram.t07@example.edu
23ECA019,Pooja Reddy,ECE,3,A,pooja.23eca019@example.edu,+91 90000 00079,Dr. Vikram Reddy,vikram.t07@example.edu
23ECA020,Revathi Venkatesh,ECE,3,A,revathi.23eca020@example.edu,+91 90000 00080,Dr. Vikram Reddy,vikram.t07@example.edu
23ECA021,Harish Menon,ECE,3,A,harish.23eca021@example.edu,+91 90000 00081,Dr. Vikram Reddy,vikram.t07@example.edu
23ECA022,Diya Reddy,ECE,3,A,diya.23eca022@example.edu,+91 90000 00082,Dr. Vikram Reddy,vikram.t07@example.edu
23ECA023,Priyanka Raman,ECE,3,A,priyanka.23eca023@example.edu,+91 90000 00083,Dr. Vikram Reddy,vikram.t07@example.edu
23ECA024,Pooja Kumar,ECE,3,A,pooja.23eca024@example.edu,+91 90000 00084,Dr. Vikram Reddy,vikram.t07@example.edu
23ECA025,Ananya Patel,ECE,3,A,ananya.23eca025@example.edu,+91 90000 00085,Dr. Vikram Reddy,vikram.t07@example.edu
23ECA026,Manoj Patel,ECE,3,A,manoj.23eca026@example.edu,+91 90000 00086,Dr. Vikram Reddy,vikram.t07@example.edu
23ECA027,Keerthana Balaji,ECE,3,A,keerthana.23eca027@example.edu,+91 90000 00087,Dr. Vikram Reddy,vikram.t07@example.edu
23ECA028,Aishwarya Venkatesh,ECE,3,A,aishwarya.23eca028@example.edu,+91 90000 00088,Dr. Vikram Reddy,vikram.t07@example.edu
23ECA029,Siddharth Raman,ECE,3,A,siddharth.23eca029@example.edu,+91 90000 00089,Dr. Vikram Reddy,vikram.t07@example.edu
23ECA030,Sneha Joshi,ECE,3,A,sneha.23eca030@example.edu,+91 90000 00090,Dr. Vikram Reddy,vikram.t07@example.edu
23ECB001,Diya Venkatesh,ECE,3,B,diya.23ecb001@example.edu,+91 90000 00091,Dr. Divya Pillai,divya.t08@example.edu
23ECB002,Arjun Mishra,ECE,3,B,arjun.23ecb002@example.edu,+91 90000 00092,Dr. Divya Pillai,divya.t08@example.edu
23ECB003,Aishwarya Iyer,ECE,3,B,aishwarya.23ecb003@example.edu,+91 90000 00093,Dr. Divya Pillai,divya.t08@example.edu
23ECB004,Karthik Nair,ECE,3,B,karthik.23ecb004@example.edu,+91 90000 00094,Dr. Divya Pillai,divya.t08@example.edu
23ECB005,Meera Raman,ECE,3,B,meera.23ecb005@example.edu,+91 90000 00095,Dr. Divya Pillai,divya.t08@example.edu
23ECB006,Janani Subramanian,ECE,3,B,janani.23ecb006@example.edu,+91 90000 00096,Dr. Divya Pillai,divya.t08@example.edu
23ECB007,Janani Chandran,ECE,3,B,janani.23ecb007@example.edu,+91 90000 00097,Dr. Divya Pillai,divya.t08@example.edu
23ECB008,Rohan Subramanian,ECE,3,B,rohan.23ecb008@example.edu,+91 90000 00098,Dr. Divya Pillai,divya.t08@example.edu
23ECB009,Pranav Balaji,ECE,3,B,pranav.23ecb009@example.edu,+91 90000 00099,Dr. Divya Pillai,divya.t08@example.edu
23ECB010,Nivetha Balaji,ECE,3,B,nivetha.23ecb010@example.edu,+91 90000 00100,Dr. Divya Pillai,divya.t08@example.edu
23ECB011,Surya Patel,ECE,3,B,surya.23ecb011@example.edu,+91 90000 00101,Dr. Divya Pillai,divya.t08@example.edu
23ECB012,Siddharth Pillai,ECE,3,B,siddharth.23ecb012@example.edu,+91 90000 00102,Dr. Divya Pillai,divya.t08@example.edu
23ECB013,Lavanya Venkatesh,ECE,3,B,lavanya.23ecb013@example.edu,+91 90000 00103,Dr. Divya Pillai,divya.t08@example.edu
23ECB014,Surya Patel,ECE,3,B,surya.23ecb014@example.edu,+91 90000 00104,Dr. Divya Pillai,divya.t08@example.edu
23ECB015,Sneha Sharma,ECE,3,B,sneha.23ecb015@example.edu,+91 90000 00105,Dr. Divya Pillai,divya.t08@example.edu
23ECB016,Swathi Iyer,ECE,3,B,swathi.23ecb016@example.edu,+91 90000 00106,Dr. Divya Pillai,divya.t08@example.edu
23ECB017,Pooja Joshi,ECE,3,B,pooja.23ecb017@example.edu,+91 90000 00107,Dr. Divya Pillai,divya.t08@example.edu
23ECB018,Vivek Sharma,ECE,3,B,vivek.23ecb018@example.edu,+91 90000 00108,Dr. Divya Pillai,divya.t08@example.edu
23ECB019,Bhavana Mishra,ECE,3,B,bhavana.23ecb019@example.edu,+91 90000 00109,Dr. Divya Pillai,divya.t08@example.edu
23ECB020,Akash Patel,ECE,3,B,akash.23ecb020@example.edu,+91 90000 00110,Dr. Divya Pillai,divya.t08@example.edu
23ECB021,Ananya Chandran,ECE,3,B,ananya.23ecb021@example.edu,+91 90000 00111,Dr. Divya Pillai,divya.t08@example.edu
23ECB022,Manoj Rao,ECE,3,B,manoj.23ecb022@example.edu,+91 90000 00112,Dr. Divya Pillai,divya.t08@example.edu
23ECB023,Pooja Chandran,ECE,3,B,pooja.23ecb023@example.edu,+91 90000 00113,Dr. Divya Pillai,divya.t08@example.edu
23ECB024,Gokul Raman,ECE,3,B,gokul.23ecb024@example.edu,+91 90000 00114,Dr. Divya Pillai,divya.t08@example.edu
23ECB025,Ishita Chandran,ECE,3,B,ishita.23ecb025@example.edu,+91 90000 00115,Dr. Divya Pillai,divya.t08@example.edu
23ECB026,Kavya Mishra,ECE,3,B,kavya.23ecb026@example.edu,+91 90000 00116,Dr. Divya Pillai,divya.t08@example.edu
23ECB027,Meera Patel,ECE,3,B,meera.23ecb027@example.edu,+91 90000 00117,Dr. Divya Pillai,divya.t08@example.edu
23ECB028,Swathi Bose,ECE,3,B,swathi.23ecb028@example.edu,+91 90000 00118,Dr. Divya Pillai,divya.t08@example.edu
23ECB029,Harini Menon,ECE,3,B,harini.23ecb029@example.edu,+91 90000 00119,Dr. Divya Pillai,divya.t08@example.edu
23ECB030,Revathi Joshi,ECE,3,B,revathi.23ecb030@example.edu,+91 90000 00120,Dr. Divya Pillai,divya.t08@example.edu
23MEA001,Aditya Balaji,ME,3,A,aditya.23mea001@example.edu,+91 90000 00121,Prof. Sneha Balaji,sneha.t12@example.edu
23MEA002,Priyanka Das,ME,3,A,priyanka.23mea002@example.edu,+91 90000 00122,Prof. Sneha Balaji,sneha.t12@example.edu
23MEA003,Swathi Kumar,ME,3,A,swathi.23mea003@example.edu,+91 90000 00123,Prof. Sneha Balaji,sneha.t12@example.edu
23MEA004,Bhavana Krishnan,ME,3,A,bhavana.23mea004@example.edu,+91 90000 00124,Prof. Sneha Balaji,sneha.t12@example.edu
23MEA005,Harish Kumar,ME,3,A,harish.23mea005@example.edu,+91 90000 00125,Prof. Sneha Balaji,sneha.t12@example.edu
23MEA006,Ishita Chandran,ME,3,A,ishita.23mea006@example.edu,+91 90000 00126,Prof. Sneha Balaji,sneha.t12@example.edu
23MEA007,Pranav Joshi,ME,3,A,pranav.23mea007@example.edu,+91 90000 00127,Prof. Sneha Balaji,sneha.t12@example.edu
23MEA008,Priyanka Patel,ME,3,A,priyanka.23mea008@example.edu,+91 90000 00128,Prof. Sneha Balaji,sneha.t12@example.edu
23MEA009,Ananya Chandran,ME,3,A,ananya.23mea009@example.edu,+91 90000 00129,Prof. Sneha Balaji,sneha.t12@example.edu
23MEA010,Varun Krishnan,ME,3,A,varun.23mea010@example.edu,+91 90000 00130,Prof. Sneha Balaji,sneha.t12@example.edu
23MEA011,Harish Krishnan,ME,3,A,harish.23mea011@example.edu,+91 90000 00131,Prof. Sneha Balaji,sneha.t12@example.edu
23MEA012,Karthik Reddy,ME,3,A,karthik.23mea012@example.edu,+91 90000 00132,Prof. Sneha Balaji,sneha.t12@example.edu
23MEA013,Lavanya Subramanian,ME,3,A,lavanya.23mea013@example.edu,+91 90000 00133,Prof. Sneha Balaji,sneha.t12@example.edu
23MEA014,Keerthana Kumar,ME,3,A,keerthana.23mea014@example.edu,+91 90000 00134,Prof. Sneha Balaji,sneha.t12@example.edu
23MEA015,Ananya Das,ME,3,A,ananya.23mea015@example.edu,+91 90000 00135,Prof. Sneha Balaji,sneha.t12@example.edu
23MEA016,Deepika Balaji,ME,3,A,deepika.23mea016@example.edu,+91 90000 00136,Prof. Sneha Balaji,sneha.t12@example.edu
23MEA017,Janani Menon,ME,3,A,janani.23mea017@example.edu,+91 90000 00137,Prof. Sneha Balaji,sneha.t12@example.edu
23MEA018,Surya Bose,ME,3,A,surya.23mea018@example.edu,+91 90000 00138,Prof. Sneha Balaji,sneha.t12@example.edu
23MEA019,Diya Joshi,ME,3,A,diya.23mea019@example.edu,+91 90000 00139,Prof. Sneha Balaji,sneha.t12@example.edu
23MEA020,Divya Krishnan,ME,3,A,divya.23mea020@example.edu,+91 90000 00140,Prof. Sneha Balaji,sneha.t12@example.edu
23MEA021,Gokul Rao,ME,3,A,gokul.23mea021@example.edu,+91 90000 00141,Prof. Sneha Balaji,sneha.t12@example.edu
23MEA022,Sneha Joshi,ME,3,A,sneha.23mea022@example.edu,+91 90000 00142,Prof. Sneha Balaji,sneha.t12@example.edu
23MEA023,Swathi Kumar,ME,3,A,swathi.23mea023@example.edu,+91 90000 00143,Prof. Sneha Balaji,sneha.t12@example.edu
23MEA024,Revathi Bose,ME,3,A,revathi.23mea024@example.edu,+91 90000 00144,Prof. Sneha Balaji,sneha.t12@example.edu
23MEA025,Manoj Joshi,ME,3,A,manoj.23mea025@example.edu,+91 90000 00145,Prof. Sneha Balaji,sneha.t12@example.edu
23MEA026,Pooja Mishra,ME,3,A,pooja.23mea026@example.edu,+91 90000 00146,Prof. Sneha Balaji,sneha.t12@example.edu
23MEA027,Naveen Pillai,ME,3,A,naveen.23mea027@example.edu,+91 90000 00147,Prof. Sneha Balaji,sneha.t12@example.edu
23MEA028,Vignesh Subramanian,ME,3,A,vignesh.23mea028@example.edu,+91 90000 00148,Prof. Sneha Balaji,sneha.t12@example.edu
23MEA029,Sneha Patel,ME,3,A,sneha.23mea029@example.edu,+91 90000 00149,Prof. Sneha Balaji,sneha.t12@example.edu
23MEA030,Vignesh Das,ME,3,A,vignesh.23mea030@example.edu,+91 90000 00150,Prof. Sneha Balaji,sneha.t12@example.edu
23MEB001,Ishita Menon,ME,3,B,ishita.23meb001@example.edu,+91 90000 00151,Prof. Ramesh Sharma,ramesh.t13@example.edu
23MEB002,Nikhil Menon,ME,3,B,nikhil.23meb002@example.edu,+91 90000 00152,Prof. Ramesh Sharma,ramesh.t13@example.edu
23MEB003,Priyanka Joshi,ME,3,B,priyanka.23meb003@example.edu,+91 90000 00153,Prof. Ramesh Sharma,ramesh.t13@example.edu
23MEB004,Meera Gupta,ME,3,B,meera.23meb004@example.edu,+91 90000 00154,Prof. Ramesh Sharma,ramesh.t13@example.edu
23MEB005,Rohan Reddy,ME,3,B,rohan.23meb005@example.edu,+91 90000 00155,Prof. Ramesh Sharma,ramesh.t13@example.edu
23MEB006,Lavanya Das,ME,3,B,lavanya.23meb006@example.edu,+91 90000 00156,Prof. Ramesh Sharma,ramesh.t13@example.edu
23MEB007,Meera Patel,ME,3,B,meera.23meb007@example.edu,+91 90000 00157,Prof. Ramesh Sharma,ramesh.t13@example.edu
23MEB008,Gokul Das,ME,3,B,gokul.23meb008@example.edu,+91 90000 00158,Prof. Ramesh Sharma,ramesh.t13@example.edu
23MEB009,Kavya Raman,ME,3,B,kavya.23meb009@example.edu,+91 90000 00159,Prof. Ramesh Sharma,ramesh.t13@example.edu
23MEB010,Aditya Chandran,ME,3,B,aditya.23meb010@example.edu,+91 90000 00160,Prof. Ramesh Sharma,ramesh.t13@example.edu
23MEB011,Priyanka Nair,ME,3,B,priyanka.23meb011@example.edu,+91 90000 00161,Prof. Ramesh Sharma,ramesh.t13@example.edu
23MEB012,Revathi Nair,ME,3,B,revathi.23meb012@example.edu,+91 90000 00162,Prof. Ramesh Sharma,ramesh.t13@example.edu
23MEB013,Janani Krishnan,ME,3,B,janani.23meb013@example.edu,+91 90000 00163,Prof. Ramesh Sharma,ramesh.t13@example.edu
23MEB014,Naveen Bose,ME,3,B,naveen.23meb014@example.edu,+91 90000 00164,Prof. Ramesh Sharma,ramesh.t13@example.edu
23MEB015,Divya Venkatesh,ME,3,B,divya.23meb015@example.edu,+91 90000 00165,Prof. Ramesh Sharma,ramesh.t13@example.edu
23MEB016,Bhavana Krishnan,ME,3,B,bhavana.23meb016@example.edu,+91 90000 00166,Prof. Ramesh Sharma,ramesh.t13@example.edu
23MEB017,Rahul Rao,ME,3,B,rahul.23meb017@example.edu,+91 90000 00167,Prof. Ramesh Sharma,ramesh.t13@example.edu
23MEB018,Pooja Gupta,ME,3,B,pooja.23meb018@example.edu,+91 90000 00168,Prof. Ramesh Sharma,ramesh.t13@example.edu
23MEB019,Pooja Bose,ME,3,B,pooja.23meb019@example.edu,+91 90000 00169,Prof. Ramesh Sharma,ramesh.t13@example.edu
23MEB020,Shreya Patel,ME,3,B,shreya.23meb020@example.edu,+91 90000 00170,Prof. Ramesh Sharma,ramesh.t13@example.edu
23MEB021,Revathi Reddy,ME,3,B,revathi.23meb021@example.edu,+91 90000 00171,Prof. Ramesh Sharma,ramesh.t13@example.edu
23MEB022,Siddharth Pillai,ME,3,B,siddharth.23meb022@example.edu,+91 90000 00172,Prof. Ramesh Sharma,ramesh.t13@example.edu
23MEB023,Divya Krishnan,ME,3,B,divya.23meb023@example.edu,+91 90000 00173,Prof. Ramesh Sharma,ramesh.t13@example.edu
23MEB024,Arjun Nair,ME,3,B,arjun.23meb024@example.edu,+91 90000 00174,Prof. Ramesh Sharma,ramesh.t13@example.edu
23MEB025,Surya Krishnan,ME,3,B,surya.23meb025@example.edu,+91 90000 00175,Prof. Ramesh Sharma,ramesh.t13@example.edu
23MEB026,Harish Patel,ME,3,B,harish.23meb026@example.edu,+91 90000 00176,Prof. Ramesh Sharma,ramesh.t13@example.edu
23MEB027,Surya Reddy,ME,3,B,surya.23meb027@example.edu,+91 90000 00177,Prof. Ramesh Sharma,ramesh.t13@example.edu
23MEB028,Priyanka Mishra,ME,3,B,priyanka.23meb028@example.edu,+91 90000 00178,Prof. Ramesh Sharma,ramesh.t13@example.edu
23MEB029,Akash Krishnan,ME,3,B,akash.23meb029@example.edu,+91 90000 00179,Prof. Ramesh Sharma,ramesh.t13@example.edu
23MEB030,Arjun Kumar,ME,3,B,arjun.23meb030@example.edu,+91 90000 00180,Prof. Ramesh Sharma,ramesh.t13@example.edu
23EEA001,Varun Iyer,EEE,3,A,varun.23eea001@example.edu,+91 90000 00181,Prof. Srinivasan Nair,srinivasan.t17@example.edu
23EEA002,Pooja Mishra,EEE,3,A,pooja.23eea002@example.edu,+91 90000 00182,Prof. Srinivasan Nair,srinivasan.t17@example.edu
23EEA003,Diya Sharma,EEE,3,A,diya.23eea003@example.edu,+91 90000 00183,Prof. Srinivasan Nair,srinivasan.t17@example.edu
23EEA004,Keerthana Krishnan,EEE,3,A,keerthana.23eea004@example.edu,+91 90000 00184,Prof. Srinivasan Nair,srinivasan.t17@example.edu
23EEA005,Manoj Joshi,EEE,3,A,manoj.23eea005@example.edu,+91 90000 00185,Prof. Srinivasan Nair,srinivasan.t17@example.edu
23EEA006,Priyanka Menon,EEE,3,A,priyanka.23eea006@example.edu,+91 90000 00186,Prof. Srinivasan Nair,srinivasan.t17@example.edu
23EEA007,Harini Joshi,EEE,3,A,harini.23eea007@example.edu,+91 90000 00187,Prof. Srinivasan Nair,srinivasan.t17@example.edu
23EEA008,Ashwin Reddy,EEE,3,A,ashwin.23eea008@example.edu,+91 90000 00188,Prof. Srinivasan Nair,srinivasan.t17@example.edu
23EEA009,Naveen Das,EEE,3,A,naveen.23eea009@example.edu,+91 90000 00189,Prof. Srinivasan Nair,srinivasan.t17@example.edu
23EEA010,Bhavana Raman,EEE,3,A,bhavana.23eea010@example.edu,+91 90000 00190,Prof. Srinivasan Nair,srinivasan.t17@example.edu
23EEA011,Swathi Mishra,EEE,3,A,swathi.23eea011@example.edu,+91 90000 00191,Prof. Srinivasan Nair,srinivasan.t17@example.edu
23EEA012,Arjun Mishra,EEE,3,A,arjun.23eea012@example.edu,+91 90000 00192,Prof. Srinivasan Nair,srinivasan.t17@example.edu
23EEA013,Ananya Joshi,EEE,3,A,ananya.23eea013@example.edu,+91 90000 00193,Prof. Srinivasan Nair,srinivasan.t17@example.edu
23EEA014,Aditya Nair,EEE,3,A,aditya.23eea014@example.edu,+91 90000 00194,Prof. Srinivasan Nair,srinivasan.t17@example.edu
23EEA015,Divya Nair,EEE,3,A,divya.23eea015@example.edu,+91 90000 00195,Prof. Srinivasan Nair,srinivasan.t17@example.edu
23EEA016,Karthik Nair,EEE,3,A,karthik.23eea016@example.edu,+91 90000 00196,Prof. Srinivasan Nair,srinivasan.t17@example.edu
23EEA017,Aditya Menon,EEE,3,A,aditya.23eea017@example.edu,+91 90000 00197,Prof. Srinivasan Nair,srinivasan.t17@example.edu
23EEA018,Surya Raman,EEE,3,A,surya.23eea018@example.edu,+91 90000 00198,Prof. Srinivasan Nair,srinivasan.t17@example.edu
23EEA019,Aditya Reddy,EEE,3,A,aditya.23eea019@example.edu,+91 90000 00199,Prof. Srinivasan Nair,srinivasan.t17@example.edu
23EEA020,Deepika Venkatesh,EEE,3,A,deepika.23eea020@example.edu,+91 90000 00200,Prof. Srinivasan Nair,srinivasan.t17@example.edu
23EEA021,Kavya Pillai,EEE,3,A,kavya.23eea021@example.edu,+91 90000 00201,Prof. Srinivasan Nair,srinivasan.t17@example.edu
23EEA022,Deepika Menon,EEE,3,A,deepika.23eea022@example.edu,+91 90000 00202,Prof. Srinivasan Nair,srinivasan.t17@example.edu
23EEA023,Revathi Patel,EEE,3,A,revathi.23eea023@example.edu,+91 90000 00203,Prof. Srinivasan Nair,srinivasan.t17@example.edu
23EEA024,Bhavana Joshi,EEE,3,A,bhavana.23eea024@example.edu,+91 90000 00204,Prof. Srinivasan Nair,srinivasan.t17@example.edu
23EEA025,Priyanka Rao,EEE,3,A,priyanka.23eea025@example.edu,+91 90000 00205,Prof. Srinivasan Nair,srinivasan.t17@example.edu
23EEA026,Aditya Das,EEE,3,A,aditya.23eea026@example.edu,+91 90000 00206,Prof. Srinivasan Nair,srinivasan.t17@example.edu
23EEA027,Gokul Rao,EEE,3,A,gokul.23eea027@example.edu,+91 90000 00207,Prof. Srinivasan Nair,srinivasan.t17@example.edu
23EEA028,Meera Bose,EEE,3,A,meera.23eea028@example.edu,+91 90000 00208,Prof. Srinivasan Nair,srinivasan.t17@example.edu
23EEA029,Ananya Krishnan,EEE,3,A,ananya.23eea029@example.edu,+91 90000 00209,Prof. Srinivasan Nair,srinivasan.t17@example.edu
23EEA030,Meera Joshi,EEE,3,A,meera.23eea030@example.edu,+91 90000 00210,Prof. Srinivasan Nair,srinivasan.t17@example.edu
23EEB001,Pooja Rao,EEE,3,B,pooja.23eeb001@example.edu,+91 90000 00211,Dr. Geetha Das,geetha.t18@example.edu
23EEB002,Vivek Kumar,EEE,3,B,vivek.23eeb002@example.edu,+91 90000 00212,Dr. Geetha Das,geetha.t18@example.edu
23EEB003,Ananya Krishnan,EEE,3,B,ananya.23eeb003@example.edu,+91 90000 00213,Dr. Geetha Das,geetha.t18@example.edu
23EEB004,Siddharth Mishra,EEE,3,B,siddharth.23eeb004@example.edu,+91 90000 00214,Dr. Geetha Das,geetha.t18@example.edu
23EEB005,Shreya Raman,EEE,3,B,shreya.23eeb005@example.edu,+91 90000 00215,Dr. Geetha Das,geetha.t18@example.edu
23EEB006,Siddharth Sharma,EEE,3,B,siddharth.23eeb006@example.edu,+91 90000 00216,Dr. Geetha Das,geetha.t18@example.edu
23EEB007,Surya Sharma,EEE,3,B,surya.23eeb007@example.edu,+91 90000 00217,Dr. Geetha Das,geetha.t18@example.edu
23EEB008,Sneha Kumar,EEE,3,B,sneha.23eeb008@example.edu,+91 90000 00218,Dr. Geetha Das,geetha.t18@example.edu
23EEB009,Shreya Mishra,EEE,3,B,shreya.23eeb009@example.edu,+91 90000 00219,Dr. Geetha Das,geetha.t18@example.edu
23EEB010,Swathi Sharma,EEE,3,B,swathi.23eeb010@example.edu,+91 90000 00220,Dr. Geetha Das,geetha.t18@example.edu
23EEB011,Kavya Rao,EEE,3,B,kavya.23eeb011@example.edu,+91 90000 00221,Dr. Geetha Das,geetha.t18@example.edu
23EEB012,Aarav Chandran,EEE,3,B,aarav.23eeb012@example.edu,+91 90000 00222,Dr. Geetha Das,geetha.t18@example.edu
23EEB013,Aditya Iyer,EEE,3,B,aditya.23eeb013@example.edu,+91 90000 00223,Dr. Geetha Das,geetha.t18@example.edu
23EEB014,Kavya Subramanian,EEE,3,B,kavya.23eeb014@example.edu,+91 90000 00224,Dr. Geetha Das,geetha.t18@example.edu
23EEB015,Manoj Reddy,EEE,3,B,manoj.23eeb015@example.edu,+91 90000 00225,Dr. Geetha Das,geetha.t18@example.edu
23EEB016,Varun Subramanian,EEE,3,B,varun.23eeb016@example.edu,+91 90000 00226,Dr. Geetha Das,geetha.t18@example.edu
23EEB017,Revathi Patel,EEE,3,B,revathi.23eeb017@example.edu,+91 90000 00227,Dr. Geetha Das,geetha.t18@example.edu
23EEB018,Rohan Mishra,EEE,3,B,rohan.23eeb018@example.edu,+91 90000 00228,Dr. Geetha Das,geetha.t18@example.edu
23EEB019,Sneha Balaji,EEE,3,B,sneha.23eeb019@example.edu,+91 90000 00229,Dr. Geetha Das,geetha.t18@example.edu
23EEB020,Rahul Subramanian,EEE,3,B,rahul.23eeb020@example.edu,+91 90000 00230,Dr. Geetha Das,geetha.t18@example.edu
23EEB021,Karthik Kumar,EEE,3,B,karthik.23eeb021@example.edu,+91 90000 00231,Dr. Geetha Das,geetha.t18@example.edu
23EEB022,Diya Sharma,EEE,3,B,diya.23eeb022@example.edu,+91 90000 00232,Dr. Geetha Das,geetha.t18@example.edu
23EEB023,Meera Mishra,EEE,3,B,meera.23eeb023@example.edu,+91 90000 00233,Dr. Geetha Das,geetha.t18@example.edu
23EEB024,Lavanya Raman,EEE,3,B,lavanya.23eeb024@example.edu,+91 90000 00234,Dr. Geetha Das,geetha.t18@example.edu
23EEB025,Vignesh Balaji,EEE,3,B,vignesh.23eeb025@example.edu,+91 90000 00235,Dr. Geetha Das,geetha.t18@example.edu
23EEB026,Nikhil Raman,EEE,3,B,nikhil.23eeb026@example.edu,+91 90000 00236,Dr. Geetha Das,geetha.t18@example.edu
23EEB027,Deepika Menon,EEE,3,B,deepika.23eeb027@example.edu,+91 90000 00237,Dr. Geetha Das,geetha.t18@example.edu
23EEB028,Aarav Subramanian,EEE,3,B,aarav.23eeb028@example.edu,+91 90000 00238,Dr. Geetha Das,geetha.t18@example.edu
23EEB029,Sanjay Iyer,EEE,3,B,sanjay.23eeb029@example.edu,+91 90000 00239,Dr. Geetha Das,geetha.t18@example.edu
23EEB030,Shreya Bose,EEE,3,B,shreya.23eeb030@example.edu,+91 90000 00240,Dr. Geetha Das,geetha.t18@example.edu
23CVA001,Aditya Chandran,Civil,3,A,aditya.23cva001@example.edu,+91 90000 00241,Prof. Kalpana Chandran,kalpana.t22@example.edu
23CVA002,Siddharth Reddy,Civil,3,A,siddharth.23cva002@example.edu,+91 90000 00242,Prof. Kalpana Chandran,kalpana.t22@example.edu
23CVA003,Ashwin Iyer,Civil,3,A,ashwin.23cva003@example.edu,+91 90000 00243,Prof. Kalpana Chandran,kalpana.t22@example.edu
23CVA004,Swathi Das,Civil,3,A,swathi.23cva004@example.edu,+91 90000 00244,Prof. Kalpana Chandran,kalpana.t22@example.edu
23CVA005,Naveen Pillai,Civil,3,A,naveen.23cva005@example.edu,+91 90000 00245,Prof. Kalpana Chandran,kalpana.t22@example.edu
23CVA006,Aarav Subramanian,Civil,3,A,aarav.23cva006@example.edu,+91 90000 00246,Prof. Kalpana Chandran,kalpana.t22@example.edu
23CVA007,Sneha Menon,Civil,3,A,sneha.23cva007@example.edu,+91 90000 00247,Prof. Kalpana Chandran,kalpana.t22@example.edu
23CVA008,Sanjay Kumar,Civil,3,A,sanjay.23cva008@example.edu,+91 90000 00248,Prof. Kalpana Chandran,kalpana.t22@example.edu
23CVA009,Harish Venkatesh,Civil,3,A,harish.23cva009@example.edu,+91 90000 00249,Prof. Kalpana Chandran,kalpana.t22@example.edu
23CVA010,Ishita Venkatesh,Civil,3,A,ishita.23cva010@example.edu,+91 90000 00250,Prof. Kalpana Chandran,kalpana.t22@example.edu
23CVA011,Varun Pillai,Civil,3,A,varun.23cva011@example.edu,+91 90000 00251,Prof. Kalpana Chandran,kalpana.t22@example.edu
23CVA012,Manoj Menon,Civil,3,A,manoj.23cva012@example.edu,+91 90000 00252,Prof. Kalpana Chandran,kalpana.t22@example.edu
23CVA013,Harini Menon,Civil,3,A,harini.23cva013@example.edu,+91 90000 00253,Prof. Kalpana Chandran,kalpana.t22@example.edu
23CVA014,Surya Venkatesh,Civil,3,A,surya.23cva014@example.edu,+91 90000 00254,Prof. Kalpana Chandran,kalpana.t22@example.edu
23CVA015,Swathi Kumar,Civil,3,A,swathi.23cva015@example.edu,+91 90000 00255,Prof. Kalpana Chandran,kalpana.t22@example.edu
23CVA016,Janani Joshi,Civil,3,A,janani.23cva016@example.edu,+91 90000 00256,Prof. Kalpana Chandran,kalpana.t22@example.edu
23CVA017,Karthik Subramanian,Civil,3,A,karthik.23cva017@example.edu,+91 90000 00257,Prof. Kalpana Chandran,kalpana.t22@example.edu
23CVA018,Sanjay Gupta,Civil,3,A,sanjay.23cva018@example.edu,+91 90000 00258,Prof. Kalpana Chandran,kalpana.t22@example.edu
23CVA019,Shreya Krishnan,Civil,3,A,shreya.23cva019@example.edu,+91 90000 00259,Prof. Kalpana Chandran,kalpana.t22@example.edu
23CVA020,Manoj Raman,Civil,3,A,manoj.23cva020@example.edu,+91 90000 00260,Prof. Kalpana Chandran,kalpana.t22@example.edu
23CVA021,Meera Pillai,Civil,3,A,meera.23cva021@example.edu,+91 90000 00261,Prof. Kalpana Chandran,kalpana.t22@example.edu
23CVA022,Ishita Rao,Civil,3,A,ishita.23cva022@example.edu,+91 90000 00262,Prof. Kalpana Chandran,kalpana.t22@example.edu
23CVA023,Nikhil Joshi,Civil,3,A,nikhil.23cva023@example.edu,+91 90000 00263,Prof. Kalpana Chandran,kalpana.t22@example.edu
23CVA024,Shreya Chandran,Civil,3,A,shreya.23cva024@example.edu,+91 90000 00264,Prof. Kalpana Chandran,kalpana.t22@example.edu
23CVA025,Siddharth Mishra,Civil,3,A,siddharth.23cva025@example.edu,+91 90000 00265,Prof. Kalpana Chandran,kalpana.t22@example.edu
23CVA026,Diya Kumar,Civil,3,A,diya.23cva026@example.edu,+91 90000 00266,Prof. Kalpana Chandran,kalpana.t22@example.edu
23CVA027,Sneha Subramanian,Civil,3,A,sneha.23cva027@example.edu,+91 90000 00267,Prof. Kalpana Chandran,kalpana.t22@example.edu
23CVA028,Aarav Reddy,Civil,3,A,aarav.23cva028@example.edu,+91 90000 00268,Prof. Kalpana Chandran,kalpana.t22@example.edu
23CVA029,Revathi Kumar,Civil,3,A,revathi.23cva029@example.edu,+91 90000 00269,Prof. Kalpana Chandran,kalpana.t22@example.edu
23CVA030,Janani Nair,Civil,3,A,janani.23cva030@example.edu,+91 90000 00270,Prof. Kalpana Chandran,kalpana.t22@example.edu
23CVB001,Naveen Raman,Civil,3,B,naveen.23cvb001@example.edu,+91 90000 00271,Dr. Senthil Das,senthil.t23@example.edu
23CVB002,Lavanya Rao,Civil,3,B,lavanya.23cvb002@example.edu,+91 90000 00272,Dr. Senthil Das,senthil.t23@example.edu
23CVB003,Rohan Das,Civil,3,B,rohan.23cvb003@example.edu,+91 90000 00273,Dr. Senthil Das,senthil.t23@example.edu
23CVB004,Arjun Bose,Civil,3,B,arjun.23cvb004@example.edu,+91 90000 00274,Dr. Senthil Das,senthil.t23@example.edu
23CVB005,Surya Subramanian,Civil,3,B,surya.23cvb005@example.edu,+91 90000 00275,Dr. Senthil Das,senthil.t23@example.edu
23CVB006,Nikhil Raman,Civil,3,B,nikhil.23cvb006@example.edu,+91 90000 00276,Dr. Senthil Das,senthil.t23@example.edu
23CVB007,Harish Das,Civil,3,B,harish.23cvb007@example.edu,+91 90000 00277,Dr. Senthil Das,senthil.t23@example.edu
23CVB008,Pranav Reddy,Civil,3,B,pranav.23cvb008@example.edu,+91 90000 00278,Dr. Senthil Das,senthil.t23@example.edu
23CVB009,Shreya Joshi,Civil,3,B,shreya.23cvb009@example.edu,+91 90000 00279,Dr. Senthil Das,senthil.t23@example.edu
23CVB010,Arjun Venkatesh,Civil,3,B,arjun.23cvb010@example.edu,+91 90000 00280,Dr. Senthil Das,senthil.t23@example.edu
23CVB011,Vignesh Gupta,Civil,3,B,vignesh.23cvb011@example.edu,+91 90000 00281,Dr. Senthil Das,senthil.t23@example.edu
23CVB012,Lavanya Gupta,Civil,3,B,lavanya.23cvb012@example.edu,+91 90000 00282,Dr. Senthil Das,senthil.t23@example.edu
23CVB013,Gokul Reddy,Civil,3,B,gokul.23cvb013@example.edu,+91 90000 00283,Dr. Senthil Das,senthil.t23@example.edu
23CVB014,Sanjay Sharma,Civil,3,B,sanjay.23cvb014@example.edu,+91 90000 00284,Dr. Senthil Das,senthil.t23@example.edu
23CVB015,Rohan Reddy,Civil,3,B,rohan.23cvb015@example.edu,+91 90000 00285,Dr. Senthil Das,senthil.t23@example.edu
23CVB016,Siddharth Joshi,Civil,3,B,siddharth.23cvb016@example.edu,+91 90000 00286,Dr. Senthil Das,senthil.t23@example.edu
23CVB017,Akash Bose,Civil,3,B,akash.23cvb017@example.edu,+91 90000 00287,Dr. Senthil Das,senthil.t23@example.edu
23CVB018,Aishwarya Subramanian,Civil,3,B,aishwarya.23cvb018@example.edu,+91 90000 00288,Dr. Senthil Das,senthil.t23@example.edu
23CVB019,Akash Balaji,Civil,3,B,akash.23cvb019@example.edu,+91 90000 00289,Dr. Senthil Das,senthil.t23@example.edu
23CVB020,Swathi Pillai,Civil,3,B,swathi.23cvb020@example.edu,+91 90000 00290,Dr. Senthil Das,senthil.t23@example.edu
23CVB021,Aarav Nair,Civil,3,B,aarav.23cvb021@example.edu,+91 90000 00291,Dr. Senthil Das,senthil.t23@example.edu
23CVB022,Sneha Menon,Civil,3,B,sneha.23cvb022@example.edu,+91 90000 00292,Dr. Senthil Das,senthil.t23@example.edu
23CVB023,Rohan Mishra,Civil,3,B,rohan.23cvb023@example.edu,+91 90000 00293,Dr. Senthil Das,senthil.t23@example.edu
23CVB024,Rahul Balaji,Civil,3,B,rahul.23cvb024@example.edu,+91 90000 00294,Dr. Senthil Das,senthil.t23@example.edu
23CVB025,Pooja Raman,Civil,3,B,pooja.23cvb025@example.edu,+91 90000 00295,Dr. Senthil Das,senthil.t23@example.edu
23CVB026,Revathi Menon,Civil,3,B,revathi.23cvb026@example.edu,+91 90000 00296,Dr. Senthil Das,senthil.t23@example.edu
23CVB027,Surya Krishnan,Civil,3,B,surya.23cvb027@example.edu,+91 90000 00297,Dr. Senthil Das,senthil.t23@example.edu
23CVB028,Arjun Bose,Civil,3,B,arjun.23cvb028@example.edu,+91 90000 00298,Dr. Senthil Das,senthil.t23@example.edu
23CVB029,Sanjay Subramanian,Civil,3,B,sanjay.23cvb029@example.edu,+91 90000 00299,Dr. Senthil Das,senthil.t23@example.edu
23CVB030,Meera Patel,Civil,3,B,meera.23cvb030@example.edu,+91 90000 00300,Dr. Senthil Das,senthil.t23@example.edu
